"population","indicator","year","comparison","rate_ratio","low_ci","high_ci","adjusted_factors"
children,"Good, very good, or excellent parent-rated health",2024,Boys vs girls,1.0,0.99,1.02,Age
children,"Good, very good, or excellent parent-rated health",2024,Māori vs non-Māori,1.0,0.99,1.02,"Age, gender"
children,"Good, very good, or excellent parent-rated health",2024,Māori boys vs non-Māori boys,1.0,0.98,1.02,Age
children,"Good, very good, or excellent parent-rated health",2024,Māori girls vs non-Māori girls,1.01,0.98,1.03,Age
children,"Good, very good, or excellent parent-rated health",2024,Pacific vs non-Pacific,0.99,0.96,1.01,"Age, gender"
children,"Good, very good, or excellent parent-rated health",2024,Pacific boys vs non-Pacific boys,0.99,0.96,1.03,Age
children,"Good, very good, or excellent parent-rated health",2024,Pacific girls vs non-Pacific girls,0.98,0.94,1.01,Age
children,"Good, very good, or excellent parent-rated health",2024,Asian vs non-Asian,1.02,1.0,1.04,"Age, gender"
children,"Good, very good, or excellent parent-rated health",2024,Asian boys vs non-Asian boys,1.02,1.0,1.04,Age
children,"Good, very good, or excellent parent-rated health",2024,Asian girls vs non-Asian girls,1.01,0.97,1.05,Age
children,"Good, very good, or excellent parent-rated health",2024,Most deprived vs least deprived,0.99,0.97,1.01,"Age, gender, ethnic group"
children,"Good, very good, or excellent parent-rated health",2024,Most deprived vs least deprived - boys,0.97,0.95,1.0,"Age, ethnic group"
children,"Good, very good, or excellent parent-rated health",2024,Most deprived vs least deprived - girls,1.0,0.96,1.04,"Age, ethnic group"
children,"Good, very good, or excellent parent-rated health",2024,Disabled children vs non-disabled children (5-14),0.91,0.85,0.99,"Age, gender"
children,Parent-rated health - very good,2024,Boys vs girls,1.13,1.02,1.24,Age
children,Parent-rated health - very good,2024,Māori vs non-Māori,1.01,0.9,1.14,"Age, gender"
children,Parent-rated health - very good,2024,Māori boys vs non-Māori boys,0.99,0.84,1.18,Age
children,Parent-rated health - very good,2024,Māori girls vs non-Māori girls,1.04,0.86,1.24,Age
children,Parent-rated health - very good,2024,Pacific vs non-Pacific,0.97,0.81,1.16,"Age, gender"
children,Parent-rated health - very good,2024,Pacific boys vs non-Pacific boys,0.92,0.73,1.16,Age
children,Parent-rated health - very good,2024,Pacific girls vs non-Pacific girls,1.02,0.8,1.3,Age
children,Parent-rated health - very good,2024,Asian vs non-Asian,1.12,0.98,1.27,"Age, gender"
children,Parent-rated health - very good,2024,Asian boys vs non-Asian boys,1.16,0.98,1.37,Age
children,Parent-rated health - very good,2024,Asian girls vs non-Asian girls,1.08,0.88,1.33,Age
children,Parent-rated health - very good,2024,Most deprived vs least deprived,1.12,0.88,1.43,"Age, gender, ethnic group"
children,Parent-rated health - very good,2024,Most deprived vs least deprived - boys,1.39,1.0,1.94,"Age, ethnic group"
children,Parent-rated health - very good,2024,Most deprived vs least deprived - girls,0.87,0.63,1.2,"Age, ethnic group"
children,Parent-rated health - very good,2024,Disabled children vs non-disabled children (5-14),0.98,0.8,1.22,"Age, gender"
children,Parent-rated health - good,2024,Boys vs girls,1.04,0.8,1.35,Age
children,Parent-rated health - good,2024,Māori vs non-Māori,1.2,0.96,1.5,"Age, gender"
children,Parent-rated health - good,2024,Māori boys vs non-Māori boys,1.26,0.88,1.78,Age
children,Parent-rated health - good,2024,Māori girls vs non-Māori girls,1.14,0.81,1.59,Age
children,Parent-rated health - good,2024,Pacific vs non-Pacific,1.31,0.95,1.82,"Age, gender"
children,Parent-rated health - good,2024,Pacific boys vs non-Pacific boys,1.28,0.81,2.0,Age
children,Parent-rated health - good,2024,Pacific girls vs non-Pacific girls,1.34,0.88,2.02,Age
children,Parent-rated health - good,2024,Asian vs non-Asian,1.06,0.82,1.36,"Age, gender"
children,Parent-rated health - good,2024,Asian boys vs non-Asian boys,1.16,0.82,1.64,Age
children,Parent-rated health - good,2024,Asian girls vs non-Asian girls,0.94,0.61,1.45,Age
children,Parent-rated health - good,2024,Most deprived vs least deprived,1.33,0.86,2.04,"Age, gender, ethnic group"
children,Parent-rated health - good,2024,Most deprived vs least deprived - boys,1.31,0.69,2.52,"Age, ethnic group"
children,Parent-rated health - good,2024,Most deprived vs least deprived - girls,1.34,0.7,2.54,"Age, ethnic group"
children,Parent-rated health - good,2024,Disabled children vs non-disabled children (5-14),2.49,1.79,3.47,"Age, gender"
children,Poor or fair parent-rated health,2024,Boys vs girls,0.89,0.44,1.83,Age
children,Poor or fair parent-rated health,2024,Māori vs non-Māori,0.86,0.48,1.56,"Age, gender"
children,Poor or fair parent-rated health,2024,Māori boys vs non-Māori boys,0.93,0.37,2.32,Age
children,Poor or fair parent-rated health,2024,Māori girls vs non-Māori girls,0.8,0.34,1.9,Age
children,Poor or fair parent-rated health,2024,Pacific vs non-Pacific,1.61,0.82,3.17,"Age, gender"
children,Poor or fair parent-rated health,2024,Pacific boys vs non-Pacific boys,1.29,0.33,5.03,Age
children,Poor or fair parent-rated health,2024,Pacific girls vs non-Pacific girls,1.9,0.78,4.64,Age
children,Poor or fair parent-rated health,2024,Asian vs non-Asian,0.43,0.11,1.65,"Age, gender"
children,Poor or fair parent-rated health,2024,Asian boys vs non-Asian boys,0.24,0.07,0.8,Age
children,Poor or fair parent-rated health,2024,Most deprived vs least deprived,1.62,0.64,4.12,"Age, gender, ethnic group"
children,Poor or fair parent-rated health,2024,Most deprived vs least deprived - boys,2.94,1.06,8.11,"Age, ethnic group"
children,Poor or fair parent-rated health,2024,Most deprived vs least deprived - girls,0.99,0.22,4.47,"Age, ethnic group"
children,Poor or fair parent-rated health,2024,Disabled children vs non-disabled children (5-14),7.12,3.15,16.07,"Age, gender"
children,Parent-rated health - excellent,2024,Boys vs girls,0.89,0.82,0.98,Age
children,Parent-rated health - excellent,2024,Māori vs non-Māori,0.94,0.84,1.06,"Age, gender"
children,Parent-rated health - excellent,2024,Māori boys vs non-Māori boys,0.93,0.77,1.13,Age
children,Parent-rated health - excellent,2024,Māori girls vs non-Māori girls,0.95,0.8,1.13,Age
children,Parent-rated health - excellent,2024,Pacific vs non-Pacific,0.91,0.76,1.09,"Age, gender"
children,Parent-rated health - excellent,2024,Pacific boys vs non-Pacific boys,0.98,0.76,1.27,Age
children,Parent-rated health - excellent,2024,Pacific girls vs non-Pacific girls,0.85,0.71,1.02,Age
children,Parent-rated health - excellent,2024,Asian vs non-Asian,0.92,0.79,1.06,"Age, gender"
children,Parent-rated health - excellent,2024,Asian boys vs non-Asian boys,0.85,0.68,1.07,Age
children,Parent-rated health - excellent,2024,Asian girls vs non-Asian girls,0.98,0.79,1.2,Age
children,Parent-rated health - excellent,2024,Most deprived vs least deprived,0.81,0.62,1.04,"Age, gender, ethnic group"
children,Parent-rated health - excellent,2024,Most deprived vs least deprived - boys,0.62,0.44,0.88,"Age, ethnic group"
children,Parent-rated health - excellent,2024,Most deprived vs least deprived - girls,1.03,0.75,1.42,"Age, ethnic group"
children,Parent-rated health - excellent,2024,Disabled children vs non-disabled children (5-14),0.48,0.35,0.67,"Age, gender"
children,"Excellent, very good or good parent-rated oral health",2024,Boys vs girls,1.0,0.97,1.03,Age
children,"Excellent, very good or good parent-rated oral health",2024,Māori vs non-Māori,0.96,0.93,0.99,"Age, gender"
children,"Excellent, very good or good parent-rated oral health",2024,Māori boys vs non-Māori boys,0.98,0.93,1.03,Age
children,"Excellent, very good or good parent-rated oral health",2024,Māori girls vs non-Māori girls,0.94,0.89,0.99,Age
children,"Excellent, very good or good parent-rated oral health",2024,Pacific vs non-Pacific,0.95,0.91,1.0,"Age, gender"
children,"Excellent, very good or good parent-rated oral health",2024,Pacific boys vs non-Pacific boys,0.96,0.89,1.03,Age
children,"Excellent, very good or good parent-rated oral health",2024,Pacific girls vs non-Pacific girls,0.95,0.89,1.02,Age
children,"Excellent, very good or good parent-rated oral health",2024,Asian vs non-Asian,1.0,0.97,1.03,"Age, gender"
children,"Excellent, very good or good parent-rated oral health",2024,Asian boys vs non-Asian boys,0.99,0.94,1.04,Age
children,"Excellent, very good or good parent-rated oral health",2024,Asian girls vs non-Asian girls,1.01,0.97,1.06,Age
children,"Excellent, very good or good parent-rated oral health",2024,Most deprived vs least deprived,0.91,0.85,0.97,"Age, gender, ethnic group"
children,"Excellent, very good or good parent-rated oral health",2024,Most deprived vs least deprived - boys,0.89,0.82,0.97,"Age, ethnic group"
children,"Excellent, very good or good parent-rated oral health",2024,Most deprived vs least deprived - girls,0.93,0.85,1.02,"Age, ethnic group"
children,"Excellent, very good or good parent-rated oral health",2024,Disabled children vs non-disabled children (5-14),0.87,0.79,0.96,"Age, gender"
children,Teeth removed due to decay in past 12 months,2024,Boys vs girls,0.8,0.51,1.25,Age
children,Teeth removed due to decay in past 12 months,2024,Māori vs non-Māori,2.08,1.32,3.28,"Age, gender"
children,Teeth removed due to decay in past 12 months,2024,Māori boys vs non-Māori boys,1.35,0.68,2.72,Age
children,Teeth removed due to decay in past 12 months,2024,Māori girls vs non-Māori girls,2.93,1.44,5.94,Age
children,Teeth removed due to decay in past 12 months,2024,Pacific vs non-Pacific,2.11,1.29,3.47,"Age, gender"
children,Teeth removed due to decay in past 12 months,2024,Pacific boys vs non-Pacific boys,2.05,1.0,4.23,Age
children,Teeth removed due to decay in past 12 months,2024,Pacific girls vs non-Pacific girls,2.17,1.04,4.55,Age
children,Teeth removed due to decay in past 12 months,2024,Asian vs non-Asian,0.87,0.52,1.46,"Age, gender"
children,Teeth removed due to decay in past 12 months,2024,Asian boys vs non-Asian boys,1.48,0.75,2.94,Age
children,Teeth removed due to decay in past 12 months,2024,Asian girls vs non-Asian girls,0.48,0.14,1.62,Age
children,Teeth removed due to decay in past 12 months,2024,Most deprived vs least deprived,2.0,0.71,5.65,"Age, gender, ethnic group"
children,Teeth removed due to decay in past 12 months,2024,Most deprived vs least deprived - boys,2.69,0.78,9.26,"Age, ethnic group"
children,Teeth removed due to decay in past 12 months,2024,Most deprived vs least deprived - girls,1.45,0.25,8.38,"Age, ethnic group"
children,Teeth removed due to decay in past 12 months,2024,Disabled children vs non-disabled children (5-14),0.5,0.18,1.45,"Age, gender"
children,Teeth removed due to decay in lifetime,2024,Boys vs girls,0.83,0.6,1.14,Age
children,Teeth removed due to decay in lifetime,2024,Māori vs non-Māori,1.94,1.45,2.62,"Age, gender"
children,Teeth removed due to decay in lifetime,2024,Māori boys vs non-Māori boys,2.06,1.32,3.22,Age
children,Teeth removed due to decay in lifetime,2024,Māori girls vs non-Māori girls,1.85,1.22,2.82,Age
children,Teeth removed due to decay in lifetime,2024,Pacific vs non-Pacific,1.69,1.17,2.44,"Age, gender"
children,Teeth removed due to decay in lifetime,2024,Pacific boys vs non-Pacific boys,1.51,0.94,2.43,Age
children,Teeth removed due to decay in lifetime,2024,Pacific girls vs non-Pacific girls,1.84,1.1,3.08,Age
children,Teeth removed due to decay in lifetime,2024,Asian vs non-Asian,0.66,0.46,0.96,"Age, gender"
children,Teeth removed due to decay in lifetime,2024,Asian boys vs non-Asian boys,0.76,0.45,1.31,Age
children,Teeth removed due to decay in lifetime,2024,Asian girls vs non-Asian girls,0.59,0.33,1.05,Age
children,Teeth removed due to decay in lifetime,2024,Most deprived vs least deprived,1.32,0.73,2.4,"Age, gender, ethnic group"
children,Teeth removed due to decay in lifetime,2024,Most deprived vs least deprived - boys,1.99,0.72,5.52,"Age, ethnic group"
children,Teeth removed due to decay in lifetime,2024,Most deprived vs least deprived - girls,0.97,0.43,2.17,"Age, ethnic group"
children,Teeth removed due to decay in lifetime,2024,Disabled children vs non-disabled children (5-14),1.07,0.65,1.78,"Age, gender"
children,Tooth brushing twice a day or more with standard fluoride toothpaste,2024,Boys vs girls,0.88,0.82,0.95,Age
children,Tooth brushing twice a day or more with standard fluoride toothpaste,2024,Māori vs non-Māori,0.79,0.72,0.88,"Age, gender"
children,Tooth brushing twice a day or more with standard fluoride toothpaste,2024,Māori boys vs non-Māori boys,0.85,0.73,1.0,Age
children,Tooth brushing twice a day or more with standard fluoride toothpaste,2024,Māori girls vs non-Māori girls,0.74,0.66,0.84,Age
children,Tooth brushing twice a day or more with standard fluoride toothpaste,2024,Pacific vs non-Pacific,0.92,0.82,1.02,"Age, gender"
children,Tooth brushing twice a day or more with standard fluoride toothpaste,2024,Pacific boys vs non-Pacific boys,0.93,0.79,1.11,Age
children,Tooth brushing twice a day or more with standard fluoride toothpaste,2024,Pacific girls vs non-Pacific girls,0.91,0.79,1.04,Age
children,Tooth brushing twice a day or more with standard fluoride toothpaste,2024,Asian vs non-Asian,1.16,1.08,1.25,"Age, gender"
children,Tooth brushing twice a day or more with standard fluoride toothpaste,2024,Asian boys vs non-Asian boys,1.19,1.06,1.35,Age
children,Tooth brushing twice a day or more with standard fluoride toothpaste,2024,Asian girls vs non-Asian girls,1.12,1.02,1.24,Age
children,Tooth brushing twice a day or more with standard fluoride toothpaste,2024,Most deprived vs least deprived,0.68,0.58,0.8,"Age, gender, ethnic group"
children,Tooth brushing twice a day or more with standard fluoride toothpaste,2024,Most deprived vs least deprived - boys,0.58,0.45,0.75,"Age, ethnic group"
children,Tooth brushing twice a day or more with standard fluoride toothpaste,2024,Most deprived vs least deprived - girls,0.8,0.67,0.94,"Age, ethnic group"
children,Tooth brushing twice a day or more with standard fluoride toothpaste,2024,Disabled children vs non-disabled children (5-14),0.81,0.69,0.94,"Age, gender"
children,ADHD,2024,Boys vs girls,1.33,0.81,2.19,Age
children,ADHD,2024,Māori vs non-Māori,0.94,0.57,1.55,"Age, gender"
children,ADHD,2024,Māori boys vs non-Māori boys,1.05,0.58,1.9,Age
children,ADHD,2024,Māori girls vs non-Māori girls,0.79,0.3,2.09,Age
children,ADHD,2024,Pacific vs non-Pacific,0.61,0.31,1.18,"Age, gender"
children,ADHD,2024,Pacific boys vs non-Pacific boys,0.75,0.32,1.79,Age
children,ADHD,2024,Pacific girls vs non-Pacific girls,0.45,0.12,1.63,Age
children,ADHD,2024,Asian vs non-Asian,0.16,0.04,0.57,"Age, gender"
children,ADHD,2024,Asian boys vs non-Asian boys,0.16,0.05,0.5,Age
children,ADHD,2024,Most deprived vs least deprived,1.38,0.55,3.47,"Age, gender, ethnic group"
children,ADHD,2024,Most deprived vs least deprived - boys,4.17,1.24,14.05,"Age, ethnic group"
children,ADHD,2024,Most deprived vs least deprived - girls,0.29,0.06,1.43,"Age, ethnic group"
children,ADHD,2024,Disabled children vs non-disabled children (5-14),8.84,5.91,13.2,"Age, gender"
children,Autism spectrum disorder,2024,Boys vs girls,2.01,1.04,3.89,Age
children,Autism spectrum disorder,2024,Māori vs non-Māori,1.33,0.77,2.29,"Age, gender"
children,Autism spectrum disorder,2024,Māori boys vs non-Māori boys,1.2,0.55,2.62,Age
children,Autism spectrum disorder,2024,Māori girls vs non-Māori girls,1.61,0.77,3.38,Age
children,Autism spectrum disorder,2024,Pacific vs non-Pacific,1.27,0.66,2.41,"Age, gender"
children,Autism spectrum disorder,2024,Pacific boys vs non-Pacific boys,0.98,0.39,2.42,Age
children,Autism spectrum disorder,2024,Pacific girls vs non-Pacific girls,1.89,0.69,5.16,Age
children,Autism spectrum disorder,2024,Asian vs non-Asian,0.31,0.12,0.76,"Age, gender"
children,Autism spectrum disorder,2024,Asian boys vs non-Asian boys,0.22,0.07,0.65,Age
children,Autism spectrum disorder,2024,Asian girls vs non-Asian girls,0.48,0.1,2.38,Age
children,Autism spectrum disorder,2024,Most deprived vs least deprived,3.98,1.59,9.96,"Age, gender, ethnic group"
children,Autism spectrum disorder,2024,Most deprived vs least deprived - boys,7.5,2.61,21.55,"Age, ethnic group"
children,Autism spectrum disorder,2024,Disabled children vs non-disabled children (5-14),23.63,11.85,47.09,"Age, gender"
children,Asthma (using treatment),2024,Boys vs girls,1.38,1.04,1.82,Age
children,Asthma (using treatment),2024,Māori vs non-Māori,1.46,1.06,2.01,"Age, gender"
children,Asthma (using treatment),2024,Māori boys vs non-Māori boys,1.17,0.78,1.75,Age
children,Asthma (using treatment),2024,Māori girls vs non-Māori girls,1.95,1.21,3.15,Age
children,Asthma (using treatment),2024,Pacific vs non-Pacific,1.33,0.85,2.07,"Age, gender"
children,Asthma (using treatment),2024,Pacific boys vs non-Pacific boys,1.19,0.72,1.97,Age
children,Asthma (using treatment),2024,Pacific girls vs non-Pacific girls,1.5,0.82,2.77,Age
children,Asthma (using treatment),2024,Asian vs non-Asian,0.4,0.26,0.61,"Age, gender"
children,Asthma (using treatment),2024,Asian boys vs non-Asian boys,0.5,0.3,0.84,Age
children,Asthma (using treatment),2024,Asian girls vs non-Asian girls,0.27,0.14,0.54,Age
children,Asthma (using treatment),2024,Most deprived vs least deprived,1.04,0.53,2.05,"Age, gender, ethnic group"
children,Asthma (using treatment),2024,Most deprived vs least deprived - boys,0.92,0.4,2.07,"Age, ethnic group"
children,Asthma (using treatment),2024,Most deprived vs least deprived - girls,1.19,0.44,3.18,"Age, ethnic group"
children,Asthma (using treatment),2024,Disabled children vs non-disabled children (5-14),1.78,1.28,2.47,"Age, gender"
children,Eczema (using treatment),2024,Boys vs girls,0.97,0.76,1.23,Age
children,Eczema (using treatment),2024,Māori vs non-Māori,1.23,0.97,1.57,"Age, gender"
children,Eczema (using treatment),2024,Māori boys vs non-Māori boys,1.32,0.92,1.9,Age
children,Eczema (using treatment),2024,Māori girls vs non-Māori girls,1.15,0.87,1.51,Age
children,Eczema (using treatment),2024,Pacific vs non-Pacific,1.37,1.02,1.83,"Age, gender"
children,Eczema (using treatment),2024,Pacific boys vs non-Pacific boys,1.37,0.9,2.1,Age
children,Eczema (using treatment),2024,Pacific girls vs non-Pacific girls,1.36,0.91,2.04,Age
children,Eczema (using treatment),2024,Asian vs non-Asian,1.17,0.94,1.46,"Age, gender"
children,Eczema (using treatment),2024,Asian boys vs non-Asian boys,1.11,0.78,1.57,Age
children,Eczema (using treatment),2024,Asian girls vs non-Asian girls,1.24,0.89,1.73,Age
children,Eczema (using treatment),2024,Most deprived vs least deprived,1.01,0.64,1.6,"Age, gender, ethnic group"
children,Eczema (using treatment),2024,Most deprived vs least deprived - boys,0.89,0.46,1.71,"Age, ethnic group"
children,Eczema (using treatment),2024,Most deprived vs least deprived - girls,1.16,0.64,2.09,"Age, ethnic group"
children,Eczema (using treatment),2024,Disabled children vs non-disabled children (5-14),0.83,0.52,1.35,"Age, gender"
children,Emotional support for parenting,2024,Boys vs girls,1.02,0.99,1.05,Age
children,Emotional support for parenting,2024,Māori vs non-Māori,1.01,0.98,1.05,"Age, gender"
children,Emotional support for parenting,2024,Māori boys vs non-Māori boys,1.02,0.97,1.06,Age
children,Emotional support for parenting,2024,Māori girls vs non-Māori girls,1.01,0.95,1.07,Age
children,Emotional support for parenting,2024,Pacific vs non-Pacific,0.98,0.94,1.03,"Age, gender"
children,Emotional support for parenting,2024,Pacific boys vs non-Pacific boys,0.95,0.89,1.01,Age
children,Emotional support for parenting,2024,Pacific girls vs non-Pacific girls,1.01,0.95,1.07,Age
children,Emotional support for parenting,2024,Asian vs non-Asian,0.95,0.91,0.99,"Age, gender"
children,Emotional support for parenting,2024,Asian boys vs non-Asian boys,0.97,0.93,1.03,Age
children,Emotional support for parenting,2024,Asian girls vs non-Asian girls,0.92,0.86,0.99,Age
children,Emotional support for parenting,2024,Most deprived vs least deprived,0.98,0.92,1.03,"Age, gender, ethnic group"
children,Emotional support for parenting,2024,Most deprived vs least deprived - boys,0.96,0.89,1.03,"Age, ethnic group"
children,Emotional support for parenting,2024,Most deprived vs least deprived - girls,1.0,0.9,1.11,"Age, ethnic group"
children,Emotional support for parenting,2024,Disabled children vs non-disabled children (5-14),0.94,0.87,1.01,"Age, gender"
children,Coping with parenting - well or very well,2024,Boys vs girls,1.02,0.96,1.08,Age
children,Coping with parenting - well or very well,2024,Māori vs non-Māori,0.97,0.91,1.03,"Age, gender"
children,Coping with parenting - well or very well,2024,Māori boys vs non-Māori boys,1.01,0.92,1.1,Age
children,Coping with parenting - well or very well,2024,Māori girls vs non-Māori girls,0.93,0.86,1.01,Age
children,Coping with parenting - well or very well,2024,Pacific vs non-Pacific,1.09,1.03,1.16,"Age, gender"
children,Coping with parenting - well or very well,2024,Pacific boys vs non-Pacific boys,1.07,0.97,1.18,Age
children,Coping with parenting - well or very well,2024,Pacific girls vs non-Pacific girls,1.12,1.03,1.21,Age
children,Coping with parenting - well or very well,2024,Asian vs non-Asian,1.02,0.96,1.08,"Age, gender"
children,Coping with parenting - well or very well,2024,Asian boys vs non-Asian boys,1.01,0.92,1.1,Age
children,Coping with parenting - well or very well,2024,Asian girls vs non-Asian girls,1.03,0.93,1.13,Age
children,Coping with parenting - well or very well,2024,Most deprived vs least deprived,0.97,0.87,1.07,"Age, gender, ethnic group"
children,Coping with parenting - well or very well,2024,Most deprived vs least deprived - boys,0.92,0.79,1.07,"Age, ethnic group"
children,Coping with parenting - well or very well,2024,Most deprived vs least deprived - girls,1.02,0.88,1.18,"Age, ethnic group"
children,Coping with parenting - well or very well,2024,Disabled children vs non-disabled children (5-14),0.71,0.62,0.82,"Age, gender"
children,Coping with parenting - somewhat well,2024,Boys vs girls,0.9,0.74,1.1,Age
children,Coping with parenting - somewhat well,2024,Māori vs non-Māori,1.1,0.9,1.34,"Age, gender"
children,Coping with parenting - somewhat well,2024,Māori boys vs non-Māori boys,1.02,0.74,1.41,Age
children,Coping with parenting - somewhat well,2024,Māori girls vs non-Māori girls,1.18,0.92,1.51,Age
children,Coping with parenting - somewhat well,2024,Pacific vs non-Pacific,0.75,0.56,1.01,"Age, gender"
children,Coping with parenting - somewhat well,2024,Pacific boys vs non-Pacific boys,0.88,0.57,1.38,Age
children,Coping with parenting - somewhat well,2024,Pacific girls vs non-Pacific girls,0.66,0.44,1.0,Age
children,Coping with parenting - somewhat well,2024,Asian vs non-Asian,0.95,0.75,1.2,"Age, gender"
children,Coping with parenting - somewhat well,2024,Asian boys vs non-Asian boys,0.97,0.69,1.36,Age
children,Coping with parenting - somewhat well,2024,Asian girls vs non-Asian girls,0.94,0.67,1.31,Age
children,Coping with parenting - somewhat well,2024,Most deprived vs least deprived,1.11,0.77,1.61,"Age, gender, ethnic group"
children,Coping with parenting - somewhat well,2024,Most deprived vs least deprived - boys,1.28,0.71,2.29,"Age, ethnic group"
children,Coping with parenting - somewhat well,2024,Most deprived vs least deprived - girls,0.97,0.61,1.54,"Age, ethnic group"
children,Coping with parenting - somewhat well,2024,Disabled children vs non-disabled children (5-14),2.02,1.53,2.65,"Age, gender"
children,Coping with parenting - not very well or not very well at all,2024,Boys vs girls,1.38,0.73,2.61,Age
children,Coping with parenting - not very well or not very well at all,2024,Māori vs non-Māori,1.09,0.55,2.14,"Age, gender"
children,Coping with parenting - not very well or not very well at all,2024,Māori boys vs non-Māori boys,0.69,0.17,2.77,Age
children,Coping with parenting - not very well or not very well at all,2024,Māori girls vs non-Māori girls,1.88,0.74,4.78,Age
children,Coping with parenting - not very well or not very well at all,2024,Pacific vs non-Pacific,0.29,0.08,1.02,"Age, gender"
children,Coping with parenting - not very well or not very well at all,2024,Pacific girls vs non-Pacific girls,0.52,0.11,2.47,Age
children,Coping with parenting - not very well or not very well at all,2024,Asian vs non-Asian,0.89,0.28,2.83,"Age, gender"
children,Coping with parenting - not very well or not very well at all,2024,Asian girls vs non-Asian girls,0.69,0.23,2.06,Age
children,Coping with parenting - not very well or not very well at all,2024,Most deprived vs least deprived,1.15,0.41,3.19,"Age, gender, ethnic group"
children,Coping with parenting - not very well or not very well at all,2024,Most deprived vs least deprived - girls,0.64,0.11,3.68,"Age, ethnic group"
children,Coping with parenting - not very well or not very well at all,2024,Disabled children vs non-disabled children (5-14),4.8,1.96,11.76,"Age, gender"
children,Child bothers them - never,2024,Boys vs girls,0.95,0.82,1.1,Age
children,Child bothers them - never,2024,Māori vs non-Māori,0.8,0.69,0.94,"Age, gender"
children,Child bothers them - never,2024,Māori boys vs non-Māori boys,0.78,0.62,0.98,Age
children,Child bothers them - never,2024,Māori girls vs non-Māori girls,0.83,0.68,1.01,Age
children,Child bothers them - never,2024,Pacific vs non-Pacific,1.09,0.89,1.34,"Age, gender"
children,Child bothers them - never,2024,Pacific boys vs non-Pacific boys,1.17,0.87,1.58,Age
children,Child bothers them - never,2024,Pacific girls vs non-Pacific girls,1.02,0.8,1.3,Age
children,Child bothers them - never,2024,Asian vs non-Asian,1.45,1.26,1.66,"Age, gender"
children,Child bothers them - never,2024,Asian boys vs non-Asian boys,1.45,1.23,1.7,Age
children,Child bothers them - never,2024,Asian girls vs non-Asian girls,1.42,1.15,1.76,Age
children,Child bothers them - never,2024,Most deprived vs least deprived,0.95,0.72,1.24,"Age, gender, ethnic group"
children,Child bothers them - never,2024,Most deprived vs least deprived - boys,0.97,0.65,1.46,"Age, ethnic group"
children,Child bothers them - never,2024,Most deprived vs least deprived - girls,0.93,0.65,1.32,"Age, ethnic group"
children,Child bothers them - never,2024,Disabled children vs non-disabled children (5-14),0.37,0.25,0.54,"Age, gender"
children,Child bothers them - sometimes or rarely,2024,Boys vs girls,1.03,0.94,1.13,Age
children,Child bothers them - sometimes or rarely,2024,Māori vs non-Māori,1.09,0.99,1.19,"Age, gender"
children,Child bothers them - sometimes or rarely,2024,Māori boys vs non-Māori boys,1.11,0.98,1.26,Age
children,Child bothers them - sometimes or rarely,2024,Māori girls vs non-Māori girls,1.06,0.93,1.21,Age
children,Child bothers them - sometimes or rarely,2024,Pacific vs non-Pacific,0.93,0.8,1.07,"Age, gender"
children,Child bothers them - sometimes or rarely,2024,Pacific boys vs non-Pacific boys,0.89,0.72,1.1,Age
children,Child bothers them - sometimes or rarely,2024,Pacific girls vs non-Pacific girls,0.96,0.81,1.15,Age
children,Child bothers them - sometimes or rarely,2024,Asian vs non-Asian,0.8,0.71,0.91,"Age, gender"
children,Child bothers them - sometimes or rarely,2024,Asian boys vs non-Asian boys,0.81,0.7,0.93,Age
children,Child bothers them - sometimes or rarely,2024,Asian girls vs non-Asian girls,0.81,0.67,0.98,Age
children,Child bothers them - sometimes or rarely,2024,Most deprived vs least deprived,0.94,0.78,1.12,"Age, gender, ethnic group"
children,Child bothers them - sometimes or rarely,2024,Most deprived vs least deprived - boys,0.93,0.72,1.2,"Age, ethnic group"
children,Child bothers them - sometimes or rarely,2024,Most deprived vs least deprived - girls,0.94,0.73,1.2,"Age, ethnic group"
children,Child bothers them - sometimes or rarely,2024,Disabled children vs non-disabled children (5-14),1.06,0.91,1.22,"Age, gender"
children,Child bothers them - usually or always,2024,Boys vs girls,1.06,0.71,1.58,Age
children,Child bothers them - usually or always,2024,Māori vs non-Māori,1.67,1.12,2.5,"Age, gender"
children,Child bothers them - usually or always,2024,Māori boys vs non-Māori boys,1.49,0.9,2.49,Age
children,Child bothers them - usually or always,2024,Māori girls vs non-Māori girls,1.89,1.04,3.46,Age
children,Child bothers them - usually or always,2024,Pacific vs non-Pacific,1.17,0.72,1.93,"Age, gender"
children,Child bothers them - usually or always,2024,Pacific boys vs non-Pacific boys,1.08,0.49,2.4,Age
children,Child bothers them - usually or always,2024,Pacific girls vs non-Pacific girls,1.28,0.66,2.5,Age
children,Child bothers them - usually or always,2024,Asian vs non-Asian,0.43,0.22,0.85,"Age, gender"
children,Child bothers them - usually or always,2024,Asian boys vs non-Asian boys,0.48,0.19,1.25,Age
children,Child bothers them - usually or always,2024,Asian girls vs non-Asian girls,0.38,0.12,1.22,Age
children,Child bothers them - usually or always,2024,Most deprived vs least deprived,3.41,1.4,8.3,"Age, gender, ethnic group"
children,Child bothers them - usually or always,2024,Most deprived vs least deprived - boys,2.98,0.86,10.26,"Age, ethnic group"
children,Child bothers them - usually or always,2024,Most deprived vs least deprived - girls,4.0,1.2,13.36,"Age, ethnic group"
children,Child bothers them - usually or always,2024,Disabled children vs non-disabled children (5-14),7.0,4.26,11.5,"Age, gender"
children,Child angers them - never,2024,Boys vs girls,0.97,0.82,1.15,Age
children,Child angers them - never,2024,Māori vs non-Māori,0.81,0.67,0.98,"Age, gender"
children,Child angers them - never,2024,Māori boys vs non-Māori boys,0.77,0.59,1.01,Age
children,Child angers them - never,2024,Māori girls vs non-Māori girls,0.85,0.67,1.07,Age
children,Child angers them - never,2024,Pacific vs non-Pacific,1.08,0.89,1.32,"Age, gender"
children,Child angers them - never,2024,Pacific boys vs non-Pacific boys,1.2,0.94,1.54,Age
children,Child angers them - never,2024,Pacific girls vs non-Pacific girls,0.97,0.71,1.33,Age
children,Child angers them - never,2024,Asian vs non-Asian,1.08,0.91,1.27,"Age, gender"
children,Child angers them - never,2024,Asian boys vs non-Asian boys,0.9,0.71,1.15,Age
children,Child angers them - never,2024,Asian girls vs non-Asian girls,1.25,0.96,1.64,Age
children,Child angers them - never,2024,Most deprived vs least deprived,1.09,0.78,1.52,"Age, gender, ethnic group"
children,Child angers them - never,2024,Most deprived vs least deprived - boys,0.95,0.58,1.54,"Age, ethnic group"
children,Child angers them - never,2024,Most deprived vs least deprived - girls,1.27,0.8,2.01,"Age, ethnic group"
children,Child angers them - never,2024,Disabled children vs non-disabled children (5-14),0.57,0.38,0.87,"Age, gender"
children,Child angers them - sometimes or rarely,2024,Boys vs girls,1.0,0.93,1.07,Age
children,Child angers them - sometimes or rarely,2024,Māori vs non-Māori,1.07,0.99,1.15,"Age, gender"
children,Child angers them - sometimes or rarely,2024,Māori boys vs non-Māori boys,1.1,1.0,1.21,Age
children,Child angers them - sometimes or rarely,2024,Māori girls vs non-Māori girls,1.04,0.94,1.15,Age
children,Child angers them - sometimes or rarely,2024,Pacific vs non-Pacific,0.96,0.87,1.05,"Age, gender"
children,Child angers them - sometimes or rarely,2024,Pacific boys vs non-Pacific boys,0.9,0.79,1.03,Age
children,Child angers them - sometimes or rarely,2024,Pacific girls vs non-Pacific girls,1.01,0.89,1.15,Age
children,Child angers them - sometimes or rarely,2024,Asian vs non-Asian,0.97,0.9,1.05,"Age, gender"
children,Child angers them - sometimes or rarely,2024,Asian boys vs non-Asian boys,1.05,0.95,1.15,Age
children,Child angers them - sometimes or rarely,2024,Asian girls vs non-Asian girls,0.9,0.78,1.04,Age
children,Child angers them - sometimes or rarely,2024,Most deprived vs least deprived,0.93,0.81,1.07,"Age, gender, ethnic group"
children,Child angers them - sometimes or rarely,2024,Most deprived vs least deprived - boys,0.98,0.8,1.19,"Age, ethnic group"
children,Child angers them - sometimes or rarely,2024,Most deprived vs least deprived - girls,0.88,0.72,1.08,"Age, ethnic group"
children,Child angers them - sometimes or rarely,2024,Disabled children vs non-disabled children (5-14),1.03,0.92,1.14,"Age, gender"
children,Child angers them - usually or always,2024,Boys vs girls,1.46,0.83,2.55,Age
children,Child angers them - usually or always,2024,Māori vs non-Māori,1.54,0.84,2.83,"Age, gender"
children,Child angers them - usually or always,2024,Māori boys vs non-Māori boys,1.09,0.5,2.4,Age
children,Child angers them - usually or always,2024,Māori girls vs non-Māori girls,2.49,0.94,6.56,Age
children,Child angers them - usually or always,2024,Pacific vs non-Pacific,1.33,0.62,2.83,"Age, gender"
children,Child angers them - usually or always,2024,Pacific boys vs non-Pacific boys,1.51,0.53,4.34,Age
children,Child angers them - usually or always,2024,Pacific girls vs non-Pacific girls,1.12,0.27,4.64,Age
children,Child angers them - usually or always,2024,Asian vs non-Asian,0.95,0.48,1.87,"Age, gender"
children,Child angers them - usually or always,2024,Asian boys vs non-Asian boys,0.92,0.4,2.11,Age
children,Child angers them - usually or always,2024,Asian girls vs non-Asian girls,1.0,0.25,3.89,Age
children,Child angers them - usually or always,2024,Most deprived vs least deprived,2.91,0.84,10.09,"Age, gender, ethnic group"
children,Child angers them - usually or always,2024,Most deprived vs least deprived - boys,3.13,0.6,16.31,"Age, ethnic group"
children,Child angers them - usually or always,2024,Disabled children vs non-disabled children (5-14),5.35,2.78,10.32,"Age, gender"
children,Child hard to care for - never,2024,Boys vs girls,0.95,0.86,1.04,Age
children,Child hard to care for - never,2024,Māori vs non-Māori,0.99,0.9,1.08,"Age, gender"
children,Child hard to care for - never,2024,Māori boys vs non-Māori boys,1.01,0.88,1.15,Age
children,Child hard to care for - never,2024,Māori girls vs non-Māori girls,0.97,0.86,1.08,Age
children,Child hard to care for - never,2024,Pacific vs non-Pacific,1.03,0.93,1.15,"Age, gender"
children,Child hard to care for - never,2024,Pacific boys vs non-Pacific boys,1.07,0.89,1.29,Age
children,Child hard to care for - never,2024,Pacific girls vs non-Pacific girls,1.0,0.87,1.14,Age
children,Child hard to care for - never,2024,Asian vs non-Asian,1.06,0.96,1.17,"Age, gender"
children,Child hard to care for - never,2024,Asian boys vs non-Asian boys,1.0,0.86,1.17,Age
children,Child hard to care for - never,2024,Asian girls vs non-Asian girls,1.11,0.98,1.26,Age
children,Child hard to care for - never,2024,Most deprived vs least deprived,0.88,0.76,1.03,"Age, gender, ethnic group"
children,Child hard to care for - never,2024,Most deprived vs least deprived - boys,0.79,0.63,1.0,"Age, ethnic group"
children,Child hard to care for - never,2024,Most deprived vs least deprived - girls,0.98,0.77,1.25,"Age, ethnic group"
children,Child hard to care for - never,2024,Disabled children vs non-disabled children (5-14),0.37,0.28,0.49,"Age, gender"
children,Child hard to care for - sometimes or rarely,2024,Boys vs girls,1.04,0.89,1.2,Age
children,Child hard to care for - sometimes or rarely,2024,Māori vs non-Māori,0.99,0.86,1.13,"Age, gender"
children,Child hard to care for - sometimes or rarely,2024,Māori boys vs non-Māori boys,1.0,0.81,1.23,Age
children,Child hard to care for - sometimes or rarely,2024,Māori girls vs non-Māori girls,0.98,0.81,1.17,Age
children,Child hard to care for - sometimes or rarely,2024,Pacific vs non-Pacific,0.93,0.78,1.11,"Age, gender"
children,Child hard to care for - sometimes or rarely,2024,Pacific boys vs non-Pacific boys,0.87,0.66,1.16,Age
children,Child hard to care for - sometimes or rarely,2024,Pacific girls vs non-Pacific girls,0.99,0.78,1.24,Age
children,Child hard to care for - sometimes or rarely,2024,Asian vs non-Asian,1.02,0.86,1.19,"Age, gender"
children,Child hard to care for - sometimes or rarely,2024,Asian boys vs non-Asian boys,1.12,0.9,1.4,Age
children,Child hard to care for - sometimes or rarely,2024,Asian girls vs non-Asian girls,0.91,0.75,1.12,Age
children,Child hard to care for - sometimes or rarely,2024,Most deprived vs least deprived,1.09,0.85,1.4,"Age, gender, ethnic group"
children,Child hard to care for - sometimes or rarely,2024,Most deprived vs least deprived - boys,1.06,0.74,1.51,"Age, ethnic group"
children,Child hard to care for - sometimes or rarely,2024,Most deprived vs least deprived - girls,1.12,0.77,1.64,"Age, ethnic group"
children,Child hard to care for - sometimes or rarely,2024,Disabled children vs non-disabled children (5-14),1.31,1.06,1.61,"Age, gender"
children,Child hard to care for - usually or always,2024,Boys vs girls,1.34,0.88,2.06,Age
children,Child hard to care for - usually or always,2024,Māori vs non-Māori,1.21,0.85,1.72,"Age, gender"
children,Child hard to care for - usually or always,2024,Māori boys vs non-Māori boys,0.95,0.58,1.56,Age
children,Child hard to care for - usually or always,2024,Māori girls vs non-Māori girls,1.64,0.98,2.74,Age
children,Child hard to care for - usually or always,2024,Pacific vs non-Pacific,1.12,0.71,1.77,"Age, gender"
children,Child hard to care for - usually or always,2024,Pacific boys vs non-Pacific boys,1.14,0.59,2.19,Age
children,Child hard to care for - usually or always,2024,Pacific girls vs non-Pacific girls,1.11,0.55,2.23,Age
children,Child hard to care for - usually or always,2024,Asian vs non-Asian,0.43,0.22,0.81,"Age, gender"
children,Child hard to care for - usually or always,2024,Asian boys vs non-Asian boys,0.41,0.2,0.83,Age
children,Child hard to care for - usually or always,2024,Asian girls vs non-Asian girls,0.45,0.11,1.82,Age
children,Child hard to care for - usually or always,2024,Most deprived vs least deprived,1.94,0.93,4.03,"Age, gender, ethnic group"
children,Child hard to care for - usually or always,2024,Most deprived vs least deprived - boys,5.05,2.18,11.71,"Age, ethnic group"
children,Child hard to care for - usually or always,2024,Most deprived vs least deprived - girls,0.53,0.16,1.76,"Age, ethnic group"
children,Child hard to care for - usually or always,2024,Disabled children vs non-disabled children (5-14),10.98,6.85,17.61,"Age, gender"
children,Second-hand smoke inside car or van,2024,Boys vs girls,1.19,0.51,2.8,Age
children,Second-hand smoke inside car or van,2024,Māori vs non-Māori,2.38,1.1,5.15,"Age, gender"
children,Second-hand smoke inside car or van,2024,Māori boys vs non-Māori boys,2.88,0.97,8.53,Age
children,Second-hand smoke inside car or van,2024,Māori girls vs non-Māori girls,1.87,0.54,6.42,Age
children,Second-hand smoke inside car or van,2024,Pacific vs non-Pacific,0.77,0.21,2.86,"Age, gender"
children,Second-hand smoke inside car or van,2024,Asian vs non-Asian,0.72,0.15,3.4,"Age, gender"
children,Second-hand smoke inside car or van,2024,Most deprived vs least deprived,13.68,2.59,72.32,"Age, gender, ethnic group"
children,Second-hand smoke inside car or van,2024,Disabled children vs non-disabled children (5-14),1.93,0.56,6.73,"Age, gender"
children,Second-hand smoke inside home,2024,Boys vs girls,1.09,0.53,2.26,Age
children,Second-hand smoke inside home,2024,Māori vs non-Māori,2.15,1.13,4.11,"Age, gender"
children,Second-hand smoke inside home,2024,Māori boys vs non-Māori boys,1.17,0.5,2.7,Age
children,Second-hand smoke inside home,2024,Māori girls vs non-Māori girls,4.17,1.45,12.04,Age
children,Second-hand smoke inside home,2024,Pacific vs non-Pacific,1.71,0.76,3.82,"Age, gender"
children,Second-hand smoke inside home,2024,Pacific boys vs non-Pacific boys,2.32,0.71,7.56,Age
children,Second-hand smoke inside home,2024,Pacific girls vs non-Pacific girls,1.11,0.3,4.08,Age
children,Second-hand smoke inside home,2024,Asian vs non-Asian,1.1,0.35,3.45,"Age, gender"
children,Second-hand smoke inside home,2024,Asian girls vs non-Asian girls,1.21,0.32,4.59,Age
children,Second-hand smoke inside home,2024,Most deprived vs least deprived - girls,6.27,1.36,28.96,"Age, ethnic group"
children,Second-hand smoke inside home,2024,Disabled children vs non-disabled children (5-14),1.33,0.56,3.16,"Age, gender"
children,Fast food 1+ times a week,2024,Boys vs girls,1.03,0.94,1.13,Age
children,Fast food 1+ times a week,2024,Māori vs non-Māori,1.23,1.12,1.36,"Age, gender"
children,Fast food 1+ times a week,2024,Māori boys vs non-Māori boys,1.2,1.04,1.4,Age
children,Fast food 1+ times a week,2024,Māori girls vs non-Māori girls,1.27,1.1,1.46,Age
children,Fast food 1+ times a week,2024,Pacific vs non-Pacific,1.33,1.21,1.47,"Age, gender"
children,Fast food 1+ times a week,2024,Pacific boys vs non-Pacific boys,1.39,1.22,1.58,Age
children,Fast food 1+ times a week,2024,Pacific girls vs non-Pacific girls,1.29,1.12,1.48,Age
children,Fast food 1+ times a week,2024,Asian vs non-Asian,1.05,0.93,1.19,"Age, gender"
children,Fast food 1+ times a week,2024,Asian boys vs non-Asian boys,1.09,0.92,1.28,Age
children,Fast food 1+ times a week,2024,Asian girls vs non-Asian girls,1.03,0.87,1.23,Age
children,Fast food 1+ times a week,2024,Most deprived vs least deprived,1.05,0.87,1.29,"Age, gender, ethnic group"
children,Fast food 1+ times a week,2024,Most deprived vs least deprived - boys,1.03,0.78,1.37,"Age, ethnic group"
children,Fast food 1+ times a week,2024,Most deprived vs least deprived - girls,1.06,0.81,1.39,"Age, ethnic group"
children,Fast food 1+ times a week,2024,Disabled children vs non-disabled children (5-14),0.9,0.74,1.1,"Age, gender"
children,Fast food 3+ times a week,2024,Boys vs girls,0.98,0.62,1.56,Age
children,Fast food 3+ times a week,2024,Māori vs non-Māori,1.95,1.26,3.0,"Age, gender"
children,Fast food 3+ times a week,2024,Māori boys vs non-Māori boys,2.08,1.16,3.76,Age
children,Fast food 3+ times a week,2024,Māori girls vs non-Māori girls,1.82,0.94,3.52,Age
children,Fast food 3+ times a week,2024,Pacific vs non-Pacific,2.35,1.58,3.49,"Age, gender"
children,Fast food 3+ times a week,2024,Pacific boys vs non-Pacific boys,2.69,1.55,4.66,Age
children,Fast food 3+ times a week,2024,Pacific girls vs non-Pacific girls,2.09,1.16,3.76,Age
children,Fast food 3+ times a week,2024,Asian vs non-Asian,1.21,0.79,1.85,"Age, gender"
children,Fast food 3+ times a week,2024,Asian boys vs non-Asian boys,1.64,0.91,2.97,Age
children,Fast food 3+ times a week,2024,Asian girls vs non-Asian girls,0.82,0.45,1.5,Age
children,Fast food 3+ times a week,2024,Most deprived vs least deprived,2.33,1.08,5.04,"Age, gender, ethnic group"
children,Fast food 3+ times a week,2024,Most deprived vs least deprived - boys,2.55,0.83,7.84,"Age, ethnic group"
children,Fast food 3+ times a week,2024,Most deprived vs least deprived - girls,2.25,0.8,6.3,"Age, ethnic group"
children,Fast food 3+ times a week,2024,Disabled children vs non-disabled children (5-14),1.18,0.63,2.23,"Age, gender"
children,Fizzy drink 1+ times a week,2024,Boys vs girls,1.17,1.0,1.37,Age
children,Fizzy drink 1+ times a week,2024,Māori vs non-Māori,1.34,1.15,1.56,"Age, gender"
children,Fizzy drink 1+ times a week,2024,Māori boys vs non-Māori boys,1.35,1.1,1.66,Age
children,Fizzy drink 1+ times a week,2024,Māori girls vs non-Māori girls,1.32,1.06,1.64,Age
children,Fizzy drink 1+ times a week,2024,Pacific vs non-Pacific,1.74,1.53,1.97,"Age, gender"
children,Fizzy drink 1+ times a week,2024,Pacific boys vs non-Pacific boys,1.61,1.32,1.95,Age
children,Fizzy drink 1+ times a week,2024,Pacific girls vs non-Pacific girls,1.87,1.53,2.3,Age
children,Fizzy drink 1+ times a week,2024,Asian vs non-Asian,0.83,0.69,1.01,"Age, gender"
children,Fizzy drink 1+ times a week,2024,Asian boys vs non-Asian boys,0.83,0.66,1.06,Age
children,Fizzy drink 1+ times a week,2024,Asian girls vs non-Asian girls,0.84,0.66,1.08,Age
children,Fizzy drink 1+ times a week,2024,Most deprived vs least deprived,1.12,0.88,1.44,"Age, gender, ethnic group"
children,Fizzy drink 1+ times a week,2024,Most deprived vs least deprived - boys,1.07,0.79,1.45,"Age, ethnic group"
children,Fizzy drink 1+ times a week,2024,Most deprived vs least deprived - girls,1.2,0.83,1.73,"Age, ethnic group"
children,Fizzy drink 1+ times a week,2024,Disabled children vs non-disabled children (5-14),1.11,0.89,1.38,"Age, gender"
children,Fizzy drink 3+ times a week,2024,Boys vs girls,1.18,0.92,1.52,Age
children,Fizzy drink 3+ times a week,2024,Māori vs non-Māori,2.06,1.54,2.75,"Age, gender"
children,Fizzy drink 3+ times a week,2024,Māori boys vs non-Māori boys,2.03,1.37,3.0,Age
children,Fizzy drink 3+ times a week,2024,Māori girls vs non-Māori girls,2.09,1.46,3.0,Age
children,Fizzy drink 3+ times a week,2024,Pacific vs non-Pacific,2.19,1.64,2.93,"Age, gender"
children,Fizzy drink 3+ times a week,2024,Pacific boys vs non-Pacific boys,2.33,1.53,3.54,Age
children,Fizzy drink 3+ times a week,2024,Pacific girls vs non-Pacific girls,2.06,1.35,3.15,Age
children,Fizzy drink 3+ times a week,2024,Asian vs non-Asian,0.88,0.59,1.3,"Age, gender"
children,Fizzy drink 3+ times a week,2024,Asian boys vs non-Asian boys,0.84,0.5,1.41,Age
children,Fizzy drink 3+ times a week,2024,Asian girls vs non-Asian girls,0.92,0.55,1.52,Age
children,Fizzy drink 3+ times a week,2024,Most deprived vs least deprived,2.47,1.38,4.42,"Age, gender, ethnic group"
children,Fizzy drink 3+ times a week,2024,Most deprived vs least deprived - boys,2.47,1.23,4.97,"Age, ethnic group"
children,Fizzy drink 3+ times a week,2024,Most deprived vs least deprived - girls,2.52,1.12,5.66,"Age, ethnic group"
children,Fizzy drink 3+ times a week,2024,Disabled children vs non-disabled children (5-14),1.27,0.86,1.88,"Age, gender"
children,Active transport to school,2024,Boys vs girls,0.98,0.86,1.13,Age
children,Active transport to school,2024,Māori vs non-Māori,1.05,0.88,1.25,"Age, gender"
children,Active transport to school,2024,Māori boys vs non-Māori boys,1.04,0.83,1.31,Age
children,Active transport to school,2024,Māori girls vs non-Māori girls,1.05,0.83,1.34,Age
children,Active transport to school,2024,Pacific vs non-Pacific,0.89,0.7,1.15,"Age, gender"
children,Active transport to school,2024,Pacific boys vs non-Pacific boys,1.0,0.71,1.41,Age
children,Active transport to school,2024,Pacific girls vs non-Pacific girls,0.81,0.58,1.11,Age
children,Active transport to school,2024,Asian vs non-Asian,1.03,0.84,1.26,"Age, gender"
children,Active transport to school,2024,Asian boys vs non-Asian boys,1.01,0.78,1.31,Age
children,Active transport to school,2024,Asian girls vs non-Asian girls,1.05,0.79,1.38,Age
children,Active transport to school,2024,Most deprived vs least deprived,0.78,0.54,1.13,"Age, gender, ethnic group"
children,Active transport to school,2024,Most deprived vs least deprived - boys,0.82,0.5,1.33,"Age, ethnic group"
children,Active transport to school,2024,Most deprived vs least deprived - girls,0.73,0.47,1.15,"Age, ethnic group"
children,Active transport to school,2024,Disabled children vs non-disabled children (5-14),0.76,0.57,1.02,"Age, gender"
children,Thin,2024,Boys vs girls,1.17,0.77,1.79,Age
children,Thin,2024,Māori vs non-Māori,0.35,0.17,0.7,"Age, gender"
children,Thin,2024,Māori boys vs non-Māori boys,0.34,0.09,1.23,Age
children,Thin,2024,Māori girls vs non-Māori girls,0.36,0.13,0.97,Age
children,Thin,2024,Pacific vs non-Pacific,0.31,0.09,1.14,"Age, gender"
children,Thin,2024,Pacific girls vs non-Pacific girls,0.56,0.12,2.52,Age
children,Thin,2024,Asian vs non-Asian,2.83,1.84,4.36,"Age, gender"
children,Thin,2024,Asian boys vs non-Asian boys,3.44,2.02,5.86,Age
children,Thin,2024,Asian girls vs non-Asian girls,2.31,1.13,4.72,Age
children,Thin,2024,Most deprived vs least deprived,0.76,0.28,2.12,"Age, gender, ethnic group"
children,Thin,2024,Most deprived vs least deprived - boys,0.49,0.14,1.73,"Age, ethnic group"
children,Thin,2024,Most deprived vs least deprived - girls,1.28,0.38,4.34,"Age, ethnic group"
children,Thin,2024,Disabled children vs non-disabled children (5-14),0.74,0.28,1.98,"Age, gender"
children,Healthy weight,2024,Boys vs girls,1.0,0.92,1.1,Age
children,Healthy weight,2024,Māori vs non-Māori,0.88,0.8,0.97,"Age, gender"
children,Healthy weight,2024,Māori boys vs non-Māori boys,0.88,0.77,1.02,Age
children,Healthy weight,2024,Māori girls vs non-Māori girls,0.88,0.77,1.0,Age
children,Healthy weight,2024,Pacific vs non-Pacific,0.61,0.5,0.75,"Age, gender"
children,Healthy weight,2024,Pacific boys vs non-Pacific boys,0.61,0.46,0.8,Age
children,Healthy weight,2024,Pacific girls vs non-Pacific girls,0.61,0.45,0.83,Age
children,Healthy weight,2024,Asian vs non-Asian,1.08,0.98,1.2,"Age, gender"
children,Healthy weight,2024,Asian boys vs non-Asian boys,0.99,0.85,1.16,Age
children,Healthy weight,2024,Asian girls vs non-Asian girls,1.17,1.02,1.34,Age
children,Healthy weight,2024,Most deprived vs least deprived,0.85,0.73,0.99,"Age, gender, ethnic group"
children,Healthy weight,2024,Most deprived vs least deprived - boys,0.75,0.6,0.94,"Age, ethnic group"
children,Healthy weight,2024,Most deprived vs least deprived - girls,0.97,0.8,1.18,"Age, ethnic group"
children,Healthy weight,2024,Disabled children vs non-disabled children (5-14),0.81,0.68,0.95,"Age, gender"
children,Overweight (but not obese),2024,Boys vs girls,0.95,0.76,1.19,Age
children,Overweight (but not obese),2024,Māori vs non-Māori,1.43,1.13,1.8,"Age, gender"
children,Overweight (but not obese),2024,Māori boys vs non-Māori boys,1.53,1.08,2.17,Age
children,Overweight (but not obese),2024,Māori girls vs non-Māori girls,1.33,0.98,1.79,Age
children,Overweight (but not obese),2024,Pacific vs non-Pacific,1.9,1.47,2.45,"Age, gender"
children,Overweight (but not obese),2024,Pacific boys vs non-Pacific boys,2.52,1.79,3.55,Age
children,Overweight (but not obese),2024,Pacific girls vs non-Pacific girls,1.39,0.96,2.01,Age
children,Overweight (but not obese),2024,Asian vs non-Asian,0.56,0.38,0.82,"Age, gender"
children,Overweight (but not obese),2024,Asian boys vs non-Asian boys,0.64,0.37,1.09,Age
children,Overweight (but not obese),2024,Asian girls vs non-Asian girls,0.51,0.29,0.9,Age
children,Overweight (but not obese),2024,Most deprived vs least deprived,1.18,0.79,1.78,"Age, gender, ethnic group"
children,Overweight (but not obese),2024,Most deprived vs least deprived - boys,1.56,0.76,3.23,"Age, ethnic group"
children,Overweight (but not obese),2024,Most deprived vs least deprived - girls,0.91,0.56,1.48,"Age, ethnic group"
children,Overweight (but not obese),2024,Disabled children vs non-disabled children (5-14),1.33,0.97,1.84,"Age, gender"
children,Overweight or obese,2024,Boys vs girls,0.96,0.81,1.14,Age
children,Overweight or obese,2024,Māori vs non-Māori,1.45,1.22,1.72,"Age, gender"
children,Overweight or obese,2024,Māori boys vs non-Māori boys,1.48,1.15,1.89,Age
children,Overweight or obese,2024,Māori girls vs non-Māori girls,1.42,1.14,1.78,Age
children,Overweight or obese,2024,Pacific vs non-Pacific,2.1,1.79,2.47,"Age, gender"
children,Overweight or obese,2024,Pacific boys vs non-Pacific boys,2.21,1.78,2.74,Age
children,Overweight or obese,2024,Pacific girls vs non-Pacific girls,1.99,1.56,2.54,Age
children,Overweight or obese,2024,Asian vs non-Asian,0.62,0.47,0.81,"Age, gender"
children,Overweight or obese,2024,Asian boys vs non-Asian boys,0.69,0.48,1.01,Age
children,Overweight or obese,2024,Asian girls vs non-Asian girls,0.56,0.39,0.8,Age
children,Overweight or obese,2024,Most deprived vs least deprived,1.46,1.08,1.97,"Age, gender, ethnic group"
children,Overweight or obese,2024,Most deprived vs least deprived - boys,2.16,1.3,3.58,"Age, ethnic group"
children,Overweight or obese,2024,Most deprived vs least deprived - girls,1.01,0.7,1.46,"Age, ethnic group"
children,Overweight or obese,2024,Disabled children vs non-disabled children (5-14),1.45,1.17,1.79,"Age, gender"
children,Obese,2024,Boys vs girls,0.98,0.7,1.37,Age
children,Obese,2024,Māori vs non-Māori,1.5,1.12,1.99,"Age, gender"
children,Obese,2024,Māori boys vs non-Māori boys,1.4,0.91,2.15,Age
children,Obese,2024,Māori girls vs non-Māori girls,1.6,1.07,2.41,Age
children,Obese,2024,Pacific vs non-Pacific,2.49,1.73,3.59,"Age, gender"
children,Obese,2024,Pacific boys vs non-Pacific boys,1.76,1.08,2.85,Age
children,Obese,2024,Pacific girls vs non-Pacific girls,3.29,2.09,5.2,Age
children,Obese,2024,Asian vs non-Asian,0.71,0.43,1.18,"Age, gender"
children,Obese,2024,Asian boys vs non-Asian boys,0.79,0.4,1.54,Age
children,Obese,2024,Asian girls vs non-Asian girls,0.65,0.33,1.3,Age
children,Obese,2024,Most deprived vs least deprived,2.1,1.3,3.4,"Age, gender, ethnic group"
children,Obese,2024,Most deprived vs least deprived - boys,3.75,1.45,9.67,"Age, ethnic group"
children,Obese,2024,Most deprived vs least deprived - girls,1.22,0.61,2.44,"Age, ethnic group"
children,Obese,2024,Disabled children vs non-disabled children (5-14),1.63,1.07,2.49,"Age, gender"
children,Obese class 1,2024,Boys vs girls,1.2,0.8,1.81,Age
children,Obese class 1,2024,Māori vs non-Māori,1.03,0.64,1.66,"Age, gender"
children,Obese class 1,2024,Māori boys vs non-Māori boys,0.75,0.3,1.89,Age
children,Obese class 1,2024,Māori girls vs non-Māori girls,1.44,0.83,2.52,Age
children,Obese class 1,2024,Pacific vs non-Pacific,1.65,1.0,2.72,"Age, gender"
children,Obese class 1,2024,Pacific boys vs non-Pacific boys,1.27,0.65,2.52,Age
children,Obese class 1,2024,Pacific girls vs non-Pacific girls,2.11,1.12,3.95,Age
children,Obese class 1,2024,Asian vs non-Asian,0.87,0.51,1.47,"Age, gender"
children,Obese class 1,2024,Asian boys vs non-Asian boys,0.76,0.35,1.67,Age
children,Obese class 1,2024,Asian girls vs non-Asian girls,1.04,0.51,2.12,Age
children,Obese class 1,2024,Most deprived vs least deprived,2.12,1.04,4.33,"Age, gender, ethnic group"
children,Obese class 1,2024,Most deprived vs least deprived - boys,3.01,0.87,10.43,"Age, ethnic group"
children,Obese class 1,2024,Most deprived vs least deprived - girls,1.3,0.43,4.0,"Age, ethnic group"
children,Obese class 1,2024,Disabled children vs non-disabled children (5-14),0.92,0.48,1.75,"Age, gender"
children,Obese class 2 or 3,2024,Boys vs girls,0.78,0.48,1.24,Age
children,Obese class 2 or 3,2024,Māori vs non-Māori,2.22,1.41,3.48,"Age, gender"
children,Obese class 2 or 3,2024,Māori boys vs non-Māori boys,2.92,1.41,6.03,Age
children,Obese class 2 or 3,2024,Māori girls vs non-Māori girls,1.76,0.95,3.26,Age
children,Obese class 2 or 3,2024,Pacific vs non-Pacific,3.69,2.32,5.85,"Age, gender"
children,Obese class 2 or 3,2024,Pacific boys vs non-Pacific boys,2.55,1.14,5.72,Age
children,Obese class 2 or 3,2024,Pacific girls vs non-Pacific girls,4.74,2.67,8.42,Age
children,Obese class 2 or 3,2024,Asian vs non-Asian,0.54,0.27,1.1,"Age, gender"
children,Obese class 2 or 3,2024,Asian boys vs non-Asian boys,0.83,0.32,2.11,Age
children,Obese class 2 or 3,2024,Asian girls vs non-Asian girls,0.35,0.13,0.97,Age
children,Obese class 2 or 3,2024,Most deprived vs least deprived,2.09,0.84,5.18,"Age, gender, ethnic group"
children,Obese class 2 or 3,2024,Most deprived vs least deprived - boys,5.37,1.44,20.02,"Age, ethnic group"
children,Obese class 2 or 3,2024,Most deprived vs least deprived - girls,1.18,0.33,4.23,"Age, ethnic group"
children,Obese class 2 or 3,2024,Disabled children vs non-disabled children (5-14),2.72,1.49,4.97,"Age, gender"
children,Waist to height ratio ≥ 0.5,2024,Boys vs girls,1.29,1.0,1.65,Age
children,Waist to height ratio ≥ 0.5,2024,Māori vs non-Māori,1.3,1.05,1.61,"Age, gender"
children,Waist to height ratio ≥ 0.5,2024,Māori boys vs non-Māori boys,1.45,1.08,1.96,Age
children,Waist to height ratio ≥ 0.5,2024,Māori girls vs non-Māori girls,1.12,0.8,1.57,Age
children,Waist to height ratio ≥ 0.5,2024,Pacific vs non-Pacific,1.54,1.17,2.02,"Age, gender"
children,Waist to height ratio ≥ 0.5,2024,Pacific boys vs non-Pacific boys,1.36,0.94,1.97,Age
children,Waist to height ratio ≥ 0.5,2024,Pacific girls vs non-Pacific girls,1.76,1.18,2.62,Age
children,Waist to height ratio ≥ 0.5,2024,Asian vs non-Asian,0.77,0.57,1.04,"Age, gender"
children,Waist to height ratio ≥ 0.5,2024,Asian boys vs non-Asian boys,0.66,0.42,1.05,Age
children,Waist to height ratio ≥ 0.5,2024,Asian girls vs non-Asian girls,0.91,0.58,1.43,Age
children,Waist to height ratio ≥ 0.5,2024,Most deprived vs least deprived,1.4,0.93,2.12,"Age, gender, ethnic group"
children,Waist to height ratio ≥ 0.5,2024,Most deprived vs least deprived - boys,1.88,1.03,3.43,"Age, ethnic group"
children,Waist to height ratio ≥ 0.5,2024,Most deprived vs least deprived - girls,1.02,0.57,1.81,"Age, ethnic group"
children,Waist to height ratio ≥ 0.5,2024,Disabled children vs non-disabled children (5-14),1.62,1.24,2.12,"Age, gender"
children,Mean waist (cm),2024,Boys vs girls,1.03,1.01,1.06,Age
children,Mean waist (cm),2024,Māori vs non-Māori,1.04,1.02,1.06,"Age, gender"
children,Mean waist (cm),2024,Māori boys vs non-Māori boys,1.05,1.01,1.09,Age
children,Mean waist (cm),2024,Māori girls vs non-Māori girls,1.04,1.01,1.07,Age
children,Mean waist (cm),2024,Pacific vs non-Pacific,1.09,1.05,1.13,"Age, gender"
children,Mean waist (cm),2024,Pacific boys vs non-Pacific boys,1.07,1.03,1.11,Age
children,Mean waist (cm),2024,Pacific girls vs non-Pacific girls,1.11,1.05,1.17,Age
children,Mean waist (cm),2024,Asian vs non-Asian,0.96,0.93,0.98,"Age, gender"
children,Mean waist (cm),2024,Asian boys vs non-Asian boys,0.96,0.92,0.99,Age
children,Mean waist (cm),2024,Asian girls vs non-Asian girls,0.96,0.93,0.98,Age
children,Mean waist (cm),2024,Most deprived vs least deprived,1.04,1.0,1.08,"Age, gender, ethnic group"
children,Mean waist (cm),2024,Most deprived vs least deprived - boys,1.06,1.0,1.12,"Age, ethnic group"
children,Mean waist (cm),2024,Most deprived vs least deprived - girls,1.01,0.97,1.06,"Age, ethnic group"
children,Mean waist (cm),2024,Disabled children vs non-disabled children (5-14),1.07,1.03,1.1,"Age, gender"
children,Parents' belief about physical punishment,2024,Boys vs girls,1.01,0.82,1.24,Age
children,Parents' belief about physical punishment,2024,Māori vs non-Māori,1.28,1.05,1.57,"Age, gender"
children,Parents' belief about physical punishment,2024,Māori boys vs non-Māori boys,1.24,0.92,1.68,Age
children,Parents' belief about physical punishment,2024,Māori girls vs non-Māori girls,1.33,1.0,1.77,Age
children,Parents' belief about physical punishment,2024,Pacific vs non-Pacific,1.37,1.09,1.73,"Age, gender"
children,Parents' belief about physical punishment,2024,Pacific boys vs non-Pacific boys,1.64,1.2,2.23,Age
children,Parents' belief about physical punishment,2024,Pacific girls vs non-Pacific girls,1.13,0.81,1.58,Age
children,Parents' belief about physical punishment,2024,Asian vs non-Asian,0.87,0.68,1.12,"Age, gender"
children,Parents' belief about physical punishment,2024,Asian boys vs non-Asian boys,0.61,0.42,0.89,Age
children,Parents' belief about physical punishment,2024,Asian girls vs non-Asian girls,1.19,0.88,1.6,Age
children,Parents' belief about physical punishment,2024,Most deprived vs least deprived,2.18,1.39,3.42,"Age, gender, ethnic group"
children,Parents' belief about physical punishment,2024,Most deprived vs least deprived - boys,2.82,1.48,5.37,"Age, ethnic group"
children,Parents' belief about physical punishment,2024,Most deprived vs least deprived - girls,1.7,0.92,3.14,"Age, ethnic group"
children,Parents' belief about physical punishment,2024,Disabled children vs non-disabled children (5-14),0.92,0.67,1.28,"Age, gender"
children,Experienced physical punishment,2024,Boys vs girls,1.43,0.86,2.39,Age
children,Experienced physical punishment,2024,Māori vs non-Māori,1.45,0.86,2.46,"Age, gender"
children,Experienced physical punishment,2024,Māori boys vs non-Māori boys,1.47,0.69,3.13,Age
children,Experienced physical punishment,2024,Māori girls vs non-Māori girls,1.43,0.64,3.2,Age
children,Experienced physical punishment,2024,Pacific vs non-Pacific,2.98,1.79,4.97,"Age, gender"
children,Experienced physical punishment,2024,Pacific boys vs non-Pacific boys,2.61,1.26,5.38,Age
children,Experienced physical punishment,2024,Pacific girls vs non-Pacific girls,3.63,1.84,7.16,Age
children,Experienced physical punishment,2024,Asian vs non-Asian,0.9,0.49,1.65,"Age, gender"
children,Experienced physical punishment,2024,Asian boys vs non-Asian boys,0.46,0.16,1.26,Age
children,Experienced physical punishment,2024,Asian girls vs non-Asian girls,1.83,0.79,4.24,Age
children,Experienced physical punishment,2024,Most deprived vs least deprived,7.59,2.78,20.74,"Age, gender, ethnic group"
children,Experienced physical punishment,2024,Most deprived vs least deprived - boys,21.07,5.48,81.0,"Age, ethnic group"
children,Experienced physical punishment,2024,Most deprived vs least deprived - girls,2.21,0.62,7.89,"Age, ethnic group"
children,Experienced physical punishment,2024,Disabled children vs non-disabled children (5-14),0.68,0.32,1.42,"Age, gender"
children,GP visit,2024,Boys vs girls,1.03,0.96,1.1,Age
children,GP visit,2024,Māori vs non-Māori,0.91,0.84,0.98,"Age, gender"
children,GP visit,2024,Māori boys vs non-Māori boys,0.94,0.84,1.06,Age
children,GP visit,2024,Māori girls vs non-Māori girls,0.87,0.77,0.98,Age
children,GP visit,2024,Pacific vs non-Pacific,1.01,0.92,1.12,"Age, gender"
children,GP visit,2024,Pacific boys vs non-Pacific boys,1.01,0.87,1.18,Age
children,GP visit,2024,Pacific girls vs non-Pacific girls,1.02,0.9,1.15,Age
children,GP visit,2024,Asian vs non-Asian,1.04,0.96,1.13,"Age, gender"
children,GP visit,2024,Asian boys vs non-Asian boys,0.99,0.88,1.11,Age
children,GP visit,2024,Asian girls vs non-Asian girls,1.11,0.99,1.24,Age
children,GP visit,2024,Most deprived vs least deprived,0.86,0.75,0.98,"Age, gender, ethnic group"
children,GP visit,2024,Most deprived vs least deprived - boys,0.87,0.72,1.04,"Age, ethnic group"
children,GP visit,2024,Most deprived vs least deprived - girls,0.85,0.69,1.03,"Age, ethnic group"
children,GP visit,2024,Disabled children vs non-disabled children (5-14),1.09,0.96,1.24,"Age, gender"
children,Mean number of GP visits,2024,Boys vs girls,1.03,0.9,1.17,Age
children,Mean number of GP visits,2024,Māori vs non-Māori,1.11,0.97,1.28,"Age, gender"
children,Mean number of GP visits,2024,Māori boys vs non-Māori boys,1.17,0.95,1.44,Age
children,Mean number of GP visits,2024,Māori girls vs non-Māori girls,1.05,0.87,1.27,Age
children,Mean number of GP visits,2024,Pacific vs non-Pacific,1.21,1.0,1.46,"Age, gender"
children,Mean number of GP visits,2024,Pacific boys vs non-Pacific boys,1.2,0.88,1.62,Age
children,Mean number of GP visits,2024,Pacific girls vs non-Pacific girls,1.22,0.98,1.52,Age
children,Mean number of GP visits,2024,Asian vs non-Asian,0.92,0.8,1.05,"Age, gender"
children,Mean number of GP visits,2024,Asian boys vs non-Asian boys,0.84,0.7,1.0,Age
children,Mean number of GP visits,2024,Asian girls vs non-Asian girls,1.01,0.82,1.25,Age
children,Mean number of GP visits,2024,Most deprived vs least deprived,0.9,0.73,1.12,"Age, gender, ethnic group"
children,Mean number of GP visits,2024,Most deprived vs least deprived - boys,0.9,0.68,1.18,"Age, ethnic group"
children,Mean number of GP visits,2024,Most deprived vs least deprived - girls,0.91,0.64,1.3,"Age, ethnic group"
children,Mean number of GP visits,2024,Disabled children vs non-disabled children (5-14),1.61,1.3,2.0,"Age, gender"
children,Last GP visit (any location) free,2024,Boys vs girls,1.0,0.96,1.04,Age
children,Last GP visit (any location) free,2024,Māori vs non-Māori,0.99,0.96,1.02,"Age, gender"
children,Last GP visit (any location) free,2024,Māori boys vs non-Māori boys,0.99,0.95,1.04,Age
children,Last GP visit (any location) free,2024,Māori girls vs non-Māori girls,0.99,0.94,1.04,Age
children,Last GP visit (any location) free,2024,Pacific vs non-Pacific,0.99,0.93,1.05,"Age, gender"
children,Last GP visit (any location) free,2024,Pacific boys vs non-Pacific boys,1.02,0.96,1.07,Age
children,Last GP visit (any location) free,2024,Pacific girls vs non-Pacific girls,0.96,0.87,1.06,Age
children,Last GP visit (any location) free,2024,Asian vs non-Asian,1.02,0.98,1.06,"Age, gender"
children,Last GP visit (any location) free,2024,Asian boys vs non-Asian boys,1.03,0.98,1.07,Age
children,Last GP visit (any location) free,2024,Asian girls vs non-Asian girls,1.01,0.96,1.07,Age
children,Last GP visit (any location) free,2024,Most deprived vs least deprived,1.05,0.99,1.12,"Age, gender, ethnic group"
children,Last GP visit (any location) free,2024,Most deprived vs least deprived - boys,1.0,0.91,1.09,"Age, ethnic group"
children,Last GP visit (any location) free,2024,Most deprived vs least deprived - girls,1.11,1.01,1.21,"Age, ethnic group"
children,Last GP visit (any location) free,2024,Disabled children vs non-disabled children (5-14),1.02,0.95,1.1,"Age, gender"
children,Practice nurse visit,2024,Boys vs girls,0.91,0.79,1.06,Age
children,Practice nurse visit,2024,Māori vs non-Māori,0.95,0.82,1.1,"Age, gender"
children,Practice nurse visit,2024,Māori boys vs non-Māori boys,0.99,0.8,1.23,Age
children,Practice nurse visit,2024,Māori girls vs non-Māori girls,0.91,0.73,1.12,Age
children,Practice nurse visit,2024,Pacific vs non-Pacific,0.78,0.63,0.97,"Age, gender"
children,Practice nurse visit,2024,Pacific boys vs non-Pacific boys,0.79,0.59,1.07,Age
children,Practice nurse visit,2024,Pacific girls vs non-Pacific girls,0.78,0.57,1.06,Age
children,Practice nurse visit,2024,Asian vs non-Asian,0.84,0.72,0.99,"Age, gender"
children,Practice nurse visit,2024,Asian boys vs non-Asian boys,0.9,0.68,1.2,Age
children,Practice nurse visit,2024,Asian girls vs non-Asian girls,0.79,0.62,1.0,Age
children,Practice nurse visit,2024,Most deprived vs least deprived,0.68,0.51,0.91,"Age, gender, ethnic group"
children,Practice nurse visit,2024,Most deprived vs least deprived - boys,0.69,0.47,1.02,"Age, ethnic group"
children,Practice nurse visit,2024,Most deprived vs least deprived - girls,0.66,0.44,0.99,"Age, ethnic group"
children,Practice nurse visit,2024,Disabled children vs non-disabled children (5-14),0.81,0.51,1.27,"Age, gender"
children,Mean number of practice nurse visits,2024,Boys vs girls,0.87,0.69,1.1,Age
children,Mean number of practice nurse visits,2024,Māori vs non-Māori,1.36,1.02,1.81,"Age, gender"
children,Mean number of practice nurse visits,2024,Māori boys vs non-Māori boys,1.47,1.08,2.0,Age
children,Mean number of practice nurse visits,2024,Māori girls vs non-Māori girls,1.26,0.78,2.06,Age
children,Mean number of practice nurse visits,2024,Pacific vs non-Pacific,0.96,0.66,1.41,"Age, gender"
children,Mean number of practice nurse visits,2024,Pacific boys vs non-Pacific boys,1.49,0.87,2.52,Age
children,Mean number of practice nurse visits,2024,Pacific girls vs non-Pacific girls,0.6,0.41,0.9,Age
children,Mean number of practice nurse visits,2024,Asian vs non-Asian,0.74,0.59,0.93,"Age, gender"
children,Mean number of practice nurse visits,2024,Asian boys vs non-Asian boys,0.69,0.47,0.99,Age
children,Mean number of practice nurse visits,2024,Asian girls vs non-Asian girls,0.79,0.57,1.09,Age
children,Mean number of practice nurse visits,2024,Most deprived vs least deprived,1.01,0.73,1.39,"Age, gender, ethnic group"
children,Mean number of practice nurse visits,2024,Most deprived vs least deprived - boys,1.02,0.65,1.6,"Age, ethnic group"
children,Mean number of practice nurse visits,2024,Most deprived vs least deprived - girls,1.01,0.63,1.61,"Age, ethnic group"
children,Mean number of practice nurse visits,2024,Disabled children vs non-disabled children (5-14),1.06,0.71,1.57,"Age, gender"
children,Has usual medical centre,2024,Boys vs girls,1.02,1.0,1.04,Age
children,Has usual medical centre,2024,Māori vs non-Māori,1.02,1.0,1.03,"Age, gender"
children,Has usual medical centre,2024,Māori boys vs non-Māori boys,1.02,1.0,1.04,Age
children,Has usual medical centre,2024,Māori girls vs non-Māori girls,1.01,0.98,1.04,Age
children,Has usual medical centre,2024,Pacific vs non-Pacific,0.99,0.96,1.02,"Age, gender"
children,Has usual medical centre,2024,Pacific boys vs non-Pacific boys,1.0,0.97,1.03,Age
children,Has usual medical centre,2024,Pacific girls vs non-Pacific girls,0.98,0.93,1.04,Age
children,Has usual medical centre,2024,Asian vs non-Asian,0.98,0.95,1.0,"Age, gender"
children,Has usual medical centre,2024,Asian boys vs non-Asian boys,0.98,0.95,1.0,Age
children,Has usual medical centre,2024,Asian girls vs non-Asian girls,0.98,0.94,1.02,Age
children,Has usual medical centre,2024,Most deprived vs least deprived,0.98,0.95,1.01,"Age, gender, ethnic group"
children,Has usual medical centre,2024,Most deprived vs least deprived - boys,0.98,0.94,1.02,"Age, ethnic group"
children,Has usual medical centre,2024,Most deprived vs least deprived - girls,0.98,0.92,1.04,"Age, ethnic group"
children,Has usual medical centre,2024,Disabled children vs non-disabled children (5-14),1.01,0.98,1.04,"Age, gender"
children,GP at usual medical centre,2024,Boys vs girls,1.04,0.96,1.12,Age
children,GP at usual medical centre,2024,Māori vs non-Māori,0.91,0.83,0.99,"Age, gender"
children,GP at usual medical centre,2024,Māori boys vs non-Māori boys,0.94,0.83,1.07,Age
children,GP at usual medical centre,2024,Māori girls vs non-Māori girls,0.87,0.76,0.98,Age
children,GP at usual medical centre,2024,Pacific vs non-Pacific,1.02,0.92,1.13,"Age, gender"
children,GP at usual medical centre,2024,Pacific boys vs non-Pacific boys,1.04,0.88,1.22,Age
children,GP at usual medical centre,2024,Pacific girls vs non-Pacific girls,1.0,0.88,1.13,Age
children,GP at usual medical centre,2024,Asian vs non-Asian,1.01,0.93,1.11,"Age, gender"
children,GP at usual medical centre,2024,Asian boys vs non-Asian boys,0.98,0.86,1.12,Age
children,GP at usual medical centre,2024,Asian girls vs non-Asian girls,1.06,0.92,1.21,Age
children,GP at usual medical centre,2024,Most deprived vs least deprived,0.88,0.75,1.03,"Age, gender, ethnic group"
children,GP at usual medical centre,2024,Most deprived vs least deprived - boys,0.85,0.68,1.05,"Age, ethnic group"
children,GP at usual medical centre,2024,Most deprived vs least deprived - girls,0.92,0.75,1.13,"Age, ethnic group"
children,GP at usual medical centre,2024,Disabled children vs non-disabled children (5-14),1.13,0.97,1.31,"Age, gender"
children,Nurse at usual medical centre,2024,Boys vs girls,0.99,0.89,1.11,Age
children,Nurse at usual medical centre,2024,Māori vs non-Māori,1.01,0.91,1.13,"Age, gender"
children,Nurse at usual medical centre,2024,Māori boys vs non-Māori boys,1.04,0.87,1.23,Age
children,Nurse at usual medical centre,2024,Māori girls vs non-Māori girls,0.98,0.83,1.16,Age
children,Nurse at usual medical centre,2024,Pacific vs non-Pacific,1.13,0.96,1.32,"Age, gender"
children,Nurse at usual medical centre,2024,Pacific boys vs non-Pacific boys,1.16,0.93,1.43,Age
children,Nurse at usual medical centre,2024,Pacific girls vs non-Pacific girls,1.11,0.89,1.37,Age
children,Nurse at usual medical centre,2024,Asian vs non-Asian,0.95,0.83,1.08,"Age, gender"
children,Nurse at usual medical centre,2024,Asian boys vs non-Asian boys,0.9,0.7,1.15,Age
children,Nurse at usual medical centre,2024,Asian girls vs non-Asian girls,1.0,0.82,1.21,Age
children,Nurse at usual medical centre,2024,Most deprived vs least deprived,1.06,0.85,1.31,"Age, gender, ethnic group"
children,Nurse at usual medical centre,2024,Most deprived vs least deprived - boys,1.21,0.89,1.65,"Age, ethnic group"
children,Nurse at usual medical centre,2024,Most deprived vs least deprived - girls,0.92,0.69,1.24,"Age, ethnic group"
children,Nurse at usual medical centre,2024,Disabled children vs non-disabled children (5-14),0.95,0.7,1.28,"Age, gender"
children,Unmet need for GP due to cost,2024,Boys vs girls,0.63,0.32,1.23,Age
children,Unmet need for GP due to cost,2024,Māori vs non-Māori,1.24,0.64,2.4,"Age, gender"
children,Unmet need for GP due to cost,2024,Māori boys vs non-Māori boys,0.7,0.25,1.99,Age
children,Unmet need for GP due to cost,2024,Māori girls vs non-Māori girls,1.7,0.61,4.72,Age
children,Unmet need for GP due to cost,2024,Pacific vs non-Pacific,3.39,1.43,8.04,"Age, gender"
children,Unmet need for GP due to cost,2024,Pacific boys vs non-Pacific boys,4.68,1.42,15.38,Age
children,Unmet need for GP due to cost,2024,Pacific girls vs non-Pacific girls,2.71,0.61,12.12,Age
children,Unmet need for GP due to cost,2024,Asian vs non-Asian,1.07,0.37,3.08,"Age, gender"
children,Unmet need for GP due to cost,2024,Asian boys vs non-Asian boys,1.22,0.41,3.6,Age
children,Unmet need for GP due to cost,2024,Asian girls vs non-Asian girls,0.99,0.24,4.12,Age
children,Unmet need for GP due to cost,2024,Most deprived vs least deprived,1.04,0.28,3.9,"Age, gender, ethnic group"
children,Unmet need for GP due to cost,2024,Disabled children vs non-disabled children (5-14),1.48,0.62,3.53,"Age, gender"
children,Unfilled prescription due to cost,2024,Boys vs girls,1.02,0.47,2.22,Age
children,Unfilled prescription due to cost,2024,Māori vs non-Māori,0.81,0.36,1.82,"Age, gender"
children,Unfilled prescription due to cost,2024,Māori boys vs non-Māori boys,0.8,0.25,2.56,Age
children,Unfilled prescription due to cost,2024,Māori girls vs non-Māori girls,0.83,0.16,4.35,Age
children,Unfilled prescription due to cost,2024,Pacific vs non-Pacific,4.0,1.91,8.4,"Age, gender"
children,Unfilled prescription due to cost,2024,Pacific boys vs non-Pacific boys,6.86,2.06,22.91,Age
children,Unfilled prescription due to cost,2024,Pacific girls vs non-Pacific girls,2.16,0.51,9.17,Age
children,Unfilled prescription due to cost,2024,Asian vs non-Asian,1.25,0.46,3.4,"Age, gender"
children,Unfilled prescription due to cost,2024,Asian boys vs non-Asian boys,1.55,0.46,5.26,Age
children,Unfilled prescription due to cost,2024,Disabled children vs non-disabled children (5-14),2.4,0.98,5.87,"Age, gender"
children,Unmet need for dental health care due to cost,2024,Boys vs girls,1.0,0.54,1.86,Age
children,Unmet need for dental health care due to cost,2024,Māori vs non-Māori,1.15,0.55,2.39,"Age, gender"
children,Unmet need for dental health care due to cost,2024,Māori boys vs non-Māori boys,1.09,0.47,2.52,Age
children,Unmet need for dental health care due to cost,2024,Māori girls vs non-Māori girls,1.2,0.37,3.84,Age
children,Unmet need for dental health care due to cost,2024,Pacific vs non-Pacific,1.02,0.4,2.59,"Age, gender"
children,Unmet need for dental health care due to cost,2024,Pacific boys vs non-Pacific boys,1.01,0.33,3.08,Age
children,Unmet need for dental health care due to cost,2024,Pacific girls vs non-Pacific girls,1.05,0.31,3.6,Age
children,Unmet need for dental health care due to cost,2024,Asian vs non-Asian,1.23,0.59,2.58,"Age, gender"
children,Unmet need for dental health care due to cost,2024,Asian boys vs non-Asian boys,1.31,0.46,3.78,Age
children,Unmet need for dental health care due to cost,2024,Asian girls vs non-Asian girls,1.1,0.49,2.48,Age
children,Unmet need for dental health care due to cost,2024,Most deprived vs least deprived,0.49,0.12,2.07,"Age, gender, ethnic group"
children,Unmet need for dental health care due to cost,2024,Most deprived vs least deprived - boys,0.82,0.15,4.54,"Age, ethnic group"
children,Unmet need for dental health care due to cost,2024,Disabled children vs non-disabled children (5-14),2.16,0.95,4.93,"Age, gender"
children,Dental health care worker visit,2024,Boys vs girls,1.0,0.94,1.06,Age
children,Dental health care worker visit,2024,Māori vs non-Māori,1.02,0.97,1.07,"Age, gender"
children,Dental health care worker visit,2024,Māori boys vs non-Māori boys,1.07,1.0,1.15,Age
children,Dental health care worker visit,2024,Māori girls vs non-Māori girls,0.97,0.9,1.04,Age
children,Dental health care worker visit,2024,Pacific vs non-Pacific,1.01,0.93,1.08,"Age, gender"
children,Dental health care worker visit,2024,Pacific boys vs non-Pacific boys,1.04,0.94,1.15,Age
children,Dental health care worker visit,2024,Pacific girls vs non-Pacific girls,0.97,0.87,1.09,Age
children,Dental health care worker visit,2024,Asian vs non-Asian,0.97,0.91,1.03,"Age, gender"
children,Dental health care worker visit,2024,Asian boys vs non-Asian boys,0.99,0.91,1.07,Age
children,Dental health care worker visit,2024,Asian girls vs non-Asian girls,0.95,0.86,1.05,Age
children,Dental health care worker visit,2024,Most deprived vs least deprived,0.97,0.86,1.08,"Age, gender, ethnic group"
children,Dental health care worker visit,2024,Most deprived vs least deprived - boys,0.92,0.79,1.08,"Age, ethnic group"
children,Dental health care worker visit,2024,Most deprived vs least deprived - girls,1.01,0.86,1.18,"Age, ethnic group"
children,Dental health care worker visit,2024,Disabled children vs non-disabled children (5-14),0.99,0.91,1.07,"Age, gender"
children,ED visit,2024,Boys vs girls,1.21,0.99,1.49,Age
children,ED visit,2024,Māori vs non-Māori,1.1,0.89,1.35,"Age, gender"
children,ED visit,2024,Māori boys vs non-Māori boys,1.04,0.81,1.33,Age
children,ED visit,2024,Māori girls vs non-Māori girls,1.17,0.87,1.57,Age
children,ED visit,2024,Pacific vs non-Pacific,0.99,0.78,1.25,"Age, gender"
children,ED visit,2024,Pacific boys vs non-Pacific boys,0.86,0.6,1.25,Age
children,ED visit,2024,Pacific girls vs non-Pacific girls,1.12,0.78,1.62,Age
children,ED visit,2024,Asian vs non-Asian,0.94,0.76,1.17,"Age, gender"
children,ED visit,2024,Asian boys vs non-Asian boys,0.97,0.73,1.29,Age
children,ED visit,2024,Asian girls vs non-Asian girls,0.92,0.65,1.3,Age
children,ED visit,2024,Most deprived vs least deprived,1.18,0.82,1.7,"Age, gender, ethnic group"
children,ED visit,2024,Most deprived vs least deprived - boys,0.99,0.66,1.48,"Age, ethnic group"
children,ED visit,2024,Most deprived vs least deprived - girls,1.46,0.83,2.59,"Age, ethnic group"
children,ED visit,2024,Disabled children vs non-disabled children (5-14),1.51,1.04,2.2,"Age, gender"
children,Private health insurance,2024,Boys vs girls,0.94,0.81,1.09,Age
children,Private health insurance,2024,Māori vs non-Māori,0.61,0.49,0.74,"Age, gender"
children,Private health insurance,2024,Māori boys vs non-Māori boys,0.76,0.57,1.01,Age
children,Private health insurance,2024,Māori girls vs non-Māori girls,0.47,0.34,0.65,Age
children,Private health insurance,2024,Pacific vs non-Pacific,0.5,0.33,0.78,"Age, gender"
children,Private health insurance,2024,Pacific boys vs non-Pacific boys,0.46,0.24,0.88,Age
children,Private health insurance,2024,Pacific girls vs non-Pacific girls,0.54,0.35,0.84,Age
children,Private health insurance,2024,Asian vs non-Asian,1.06,0.88,1.27,"Age, gender"
children,Private health insurance,2024,Asian boys vs non-Asian boys,1.11,0.83,1.47,Age
children,Private health insurance,2024,Asian girls vs non-Asian girls,1.01,0.81,1.26,Age
children,Private health insurance,2024,Most deprived vs least deprived,0.27,0.2,0.37,"Age, gender, ethnic group"
children,Private health insurance,2024,Most deprived vs least deprived - boys,0.23,0.15,0.36,"Age, ethnic group"
children,Private health insurance,2024,Most deprived vs least deprived - girls,0.33,0.22,0.5,"Age, ethnic group"
children,Private health insurance,2024,Disabled children vs non-disabled children (5-14),0.72,0.52,0.99,"Age, gender"
children,Emotional symptoms,2024,Boys vs girls,0.85,0.63,1.15,Age
children,Emotional symptoms,2024,Māori vs non-Māori,1.12,0.88,1.43,"Age, gender"
children,Emotional symptoms,2024,Māori boys vs non-Māori boys,1.11,0.77,1.59,Age
children,Emotional symptoms,2024,Māori girls vs non-Māori girls,1.13,0.79,1.6,Age
children,Emotional symptoms,2024,Pacific vs non-Pacific,1.21,0.86,1.71,"Age, gender"
children,Emotional symptoms,2024,Pacific boys vs non-Pacific boys,1.11,0.65,1.87,Age
children,Emotional symptoms,2024,Pacific girls vs non-Pacific girls,1.31,0.82,2.08,Age
children,Emotional symptoms,2024,Asian vs non-Asian,0.46,0.31,0.67,"Age, gender"
children,Emotional symptoms,2024,Asian boys vs non-Asian boys,0.42,0.25,0.7,Age
children,Emotional symptoms,2024,Asian girls vs non-Asian girls,0.49,0.29,0.82,Age
children,Emotional symptoms,2024,Most deprived vs least deprived,1.65,1.06,2.56,"Age, gender, ethnic group"
children,Emotional symptoms,2024,Most deprived vs least deprived - boys,2.22,1.06,4.62,"Age, ethnic group"
children,Emotional symptoms,2024,Most deprived vs least deprived - girls,1.31,0.71,2.4,"Age, ethnic group"
children,Emotional symptoms,2024,Disabled children vs non-disabled children (5-14),5.29,4.1,6.81,"Age, gender"
children,Conduct problems,2024,Boys vs girls,1.16,0.88,1.53,Age
children,Conduct problems,2024,Māori vs non-Māori,1.43,1.06,1.92,"Age, gender"
children,Conduct problems,2024,Māori boys vs non-Māori boys,1.15,0.76,1.75,Age
children,Conduct problems,2024,Māori girls vs non-Māori girls,1.81,1.21,2.71,Age
children,Conduct problems,2024,Pacific vs non-Pacific,1.23,0.79,1.91,"Age, gender"
children,Conduct problems,2024,Pacific boys vs non-Pacific boys,1.17,0.66,2.1,Age
children,Conduct problems,2024,Pacific girls vs non-Pacific girls,1.29,0.74,2.27,Age
children,Conduct problems,2024,Asian vs non-Asian,0.65,0.43,0.99,"Age, gender"
children,Conduct problems,2024,Asian boys vs non-Asian boys,0.7,0.37,1.32,Age
children,Conduct problems,2024,Asian girls vs non-Asian girls,0.59,0.29,1.21,Age
children,Conduct problems,2024,Most deprived vs least deprived,1.52,0.83,2.79,"Age, gender, ethnic group"
children,Conduct problems,2024,Most deprived vs least deprived - boys,1.75,0.79,3.85,"Age, ethnic group"
children,Conduct problems,2024,Most deprived vs least deprived - girls,1.26,0.51,3.15,"Age, ethnic group"
children,Conduct problems,2024,Disabled children vs non-disabled children (5-14),4.97,3.6,6.86,"Age, gender"
children,Hyperactivity,2024,Boys vs girls,1.64,1.19,2.27,Age
children,Hyperactivity,2024,Māori vs non-Māori,1.4,1.01,1.94,"Age, gender"
children,Hyperactivity,2024,Māori boys vs non-Māori boys,1.44,0.91,2.28,Age
children,Hyperactivity,2024,Māori girls vs non-Māori girls,1.33,0.83,2.14,Age
children,Hyperactivity,2024,Pacific vs non-Pacific,1.08,0.75,1.55,"Age, gender"
children,Hyperactivity,2024,Pacific boys vs non-Pacific boys,1.07,0.71,1.61,Age
children,Hyperactivity,2024,Pacific girls vs non-Pacific girls,1.1,0.5,2.38,Age
children,Hyperactivity,2024,Asian vs non-Asian,0.45,0.28,0.74,"Age, gender"
children,Hyperactivity,2024,Asian boys vs non-Asian boys,0.49,0.26,0.94,Age
children,Hyperactivity,2024,Asian girls vs non-Asian girls,0.38,0.17,0.85,Age
children,Hyperactivity,2024,Most deprived vs least deprived,1.68,1.02,2.78,"Age, gender, ethnic group"
children,Hyperactivity,2024,Most deprived vs least deprived - boys,1.6,0.81,3.16,"Age, ethnic group"
children,Hyperactivity,2024,Most deprived vs least deprived - girls,1.87,0.85,4.08,"Age, ethnic group"
children,Hyperactivity,2024,Disabled children vs non-disabled children (5-14),6.69,4.94,9.06,"Age, gender"
children,Peer problems,2024,Boys vs girls,1.05,0.77,1.43,Age
children,Peer problems,2024,Māori vs non-Māori,1.06,0.83,1.35,"Age, gender"
children,Peer problems,2024,Māori boys vs non-Māori boys,1.29,0.92,1.79,Age
children,Peer problems,2024,Māori girls vs non-Māori girls,0.84,0.57,1.22,Age
children,Peer problems,2024,Pacific vs non-Pacific,1.69,1.27,2.25,"Age, gender"
children,Peer problems,2024,Pacific boys vs non-Pacific boys,1.52,1.05,2.21,Age
children,Peer problems,2024,Pacific girls vs non-Pacific girls,1.89,1.21,2.94,Age
children,Peer problems,2024,Asian vs non-Asian,0.96,0.73,1.28,"Age, gender"
children,Peer problems,2024,Asian boys vs non-Asian boys,0.93,0.6,1.44,Age
children,Peer problems,2024,Asian girls vs non-Asian girls,0.98,0.64,1.49,Age
children,Peer problems,2024,Most deprived vs least deprived,1.6,0.98,2.61,"Age, gender, ethnic group"
children,Peer problems,2024,Most deprived vs least deprived - boys,2.19,1.05,4.56,"Age, ethnic group"
children,Peer problems,2024,Most deprived vs least deprived - girls,1.26,0.66,2.42,"Age, ethnic group"
children,Peer problems,2024,Disabled children vs non-disabled children (5-14),4.44,3.47,5.69,"Age, gender"
children,Emotional and/or behavioural problems,2024,Boys vs girls,1.35,0.96,1.88,Age
children,Emotional and/or behavioural problems,2024,Māori vs non-Māori,1.25,0.93,1.68,"Age, gender"
children,Emotional and/or behavioural problems,2024,Māori boys vs non-Māori boys,1.12,0.75,1.66,Age
children,Emotional and/or behavioural problems,2024,Māori girls vs non-Māori girls,1.44,0.9,2.29,Age
children,Emotional and/or behavioural problems,2024,Pacific vs non-Pacific,1.41,0.96,2.08,"Age, gender"
children,Emotional and/or behavioural problems,2024,Pacific boys vs non-Pacific boys,1.25,0.78,1.99,Age
children,Emotional and/or behavioural problems,2024,Pacific girls vs non-Pacific girls,1.61,0.91,2.85,Age
children,Emotional and/or behavioural problems,2024,Asian vs non-Asian,0.42,0.26,0.68,"Age, gender"
children,Emotional and/or behavioural problems,2024,Asian boys vs non-Asian boys,0.43,0.19,0.93,Age
children,Emotional and/or behavioural problems,2024,Asian girls vs non-Asian girls,0.42,0.21,0.81,Age
children,Emotional and/or behavioural problems,2024,Most deprived vs least deprived,1.77,0.95,3.29,"Age, gender, ethnic group"
children,Emotional and/or behavioural problems,2024,Most deprived vs least deprived - boys,2.45,1.11,5.37,"Age, ethnic group"
children,Emotional and/or behavioural problems,2024,Most deprived vs least deprived - girls,1.18,0.49,2.81,"Age, ethnic group"
children,Emotional and/or behavioural problems,2024,Disabled children vs non-disabled children (5-14),9.86,6.82,14.25,"Age, gender"
children,Prosocial behaviour,2024,Boys vs girls,0.95,0.92,0.98,Age
children,Prosocial behaviour,2024,Māori vs non-Māori,1.0,0.97,1.03,"Age, gender"
children,Prosocial behaviour,2024,Māori boys vs non-Māori boys,1.03,0.97,1.09,Age
children,Prosocial behaviour,2024,Māori girls vs non-Māori girls,0.97,0.94,1.01,Age
children,Prosocial behaviour,2024,Pacific vs non-Pacific,1.0,0.97,1.04,"Age, gender"
children,Prosocial behaviour,2024,Pacific boys vs non-Pacific boys,1.01,0.93,1.09,Age
children,Prosocial behaviour,2024,Pacific girls vs non-Pacific girls,1.0,0.96,1.04,Age
children,Prosocial behaviour,2024,Asian vs non-Asian,1.03,1.0,1.06,"Age, gender"
children,Prosocial behaviour,2024,Asian boys vs non-Asian boys,1.04,0.99,1.09,Age
children,Prosocial behaviour,2024,Asian girls vs non-Asian girls,1.01,0.98,1.05,Age
children,Prosocial behaviour,2024,Most deprived vs least deprived,0.96,0.9,1.01,"Age, gender, ethnic group"
children,Prosocial behaviour,2024,Most deprived vs least deprived - boys,0.93,0.84,1.02,"Age, ethnic group"
children,Prosocial behaviour,2024,Most deprived vs least deprived - girls,0.99,0.91,1.07,"Age, ethnic group"
children,Prosocial behaviour,2024,Disabled children vs non-disabled children (5-14),0.83,0.75,0.92,"Age, gender"
children,Breakfast <5 days a week,2024,Boys vs girls,0.74,0.56,0.97,Age
children,Breakfast <5 days a week,2024,Māori vs non-Māori,2.29,1.73,3.03,"Age, gender"
children,Breakfast <5 days a week,2024,Māori boys vs non-Māori boys,2.58,1.77,3.75,Age
children,Breakfast <5 days a week,2024,Māori girls vs non-Māori girls,2.08,1.52,2.86,Age
children,Breakfast <5 days a week,2024,Pacific vs non-Pacific,2.25,1.68,3.02,"Age, gender"
children,Breakfast <5 days a week,2024,Pacific boys vs non-Pacific boys,3.97,2.66,5.9,Age
children,Breakfast <5 days a week,2024,Pacific girls vs non-Pacific girls,1.37,0.91,2.06,Age
children,Breakfast <5 days a week,2024,Asian vs non-Asian,0.59,0.38,0.91,"Age, gender"
children,Breakfast <5 days a week,2024,Asian boys vs non-Asian boys,0.47,0.17,1.29,Age
children,Breakfast <5 days a week,2024,Asian girls vs non-Asian girls,0.67,0.39,1.15,Age
children,Breakfast <5 days a week,2024,Most deprived vs least deprived,2.11,1.29,3.48,"Age, gender, ethnic group"
children,Breakfast <5 days a week,2024,Most deprived vs least deprived - boys,2.71,1.22,6.02,"Age, ethnic group"
children,Breakfast <5 days a week,2024,Most deprived vs least deprived - girls,1.78,0.93,3.39,"Age, ethnic group"
children,Breakfast <5 days a week,2024,Disabled children vs non-disabled children (5-14),1.17,0.82,1.67,"Age, gender"
children,Breakfast eaten every day,2024,Boys vs girls,1.09,1.04,1.15,Age
children,Breakfast eaten every day,2024,Māori vs non-Māori,0.83,0.77,0.9,"Age, gender"
children,Breakfast eaten every day,2024,Māori boys vs non-Māori boys,0.84,0.77,0.92,Age
children,Breakfast eaten every day,2024,Māori girls vs non-Māori girls,0.82,0.74,0.92,Age
children,Breakfast eaten every day,2024,Pacific vs non-Pacific,0.85,0.77,0.93,"Age, gender"
children,Breakfast eaten every day,2024,Pacific boys vs non-Pacific boys,0.69,0.58,0.83,Age
children,Breakfast eaten every day,2024,Pacific girls vs non-Pacific girls,0.98,0.88,1.1,Age
children,Breakfast eaten every day,2024,Asian vs non-Asian,1.09,1.03,1.16,"Age, gender"
children,Breakfast eaten every day,2024,Asian boys vs non-Asian boys,1.13,1.05,1.22,Age
children,Breakfast eaten every day,2024,Asian girls vs non-Asian girls,1.06,0.96,1.18,Age
children,Breakfast eaten every day,2024,Most deprived vs least deprived,0.84,0.76,0.92,"Age, gender, ethnic group"
children,Breakfast eaten every day,2024,Most deprived vs least deprived - boys,0.86,0.77,0.95,"Age, ethnic group"
children,Breakfast eaten every day,2024,Most deprived vs least deprived - girls,0.82,0.71,0.95,"Age, ethnic group"
children,Breakfast eaten every day,2024,Disabled children vs non-disabled children (5-14),0.93,0.85,1.02,"Age, gender"
children,Meets fruit recommendation,2024,Boys vs girls,0.94,0.88,1.01,Age
children,Meets fruit recommendation,2024,Māori vs non-Māori,1.02,0.95,1.09,"Age, gender"
children,Meets fruit recommendation,2024,Māori boys vs non-Māori boys,1.0,0.9,1.12,Age
children,Meets fruit recommendation,2024,Māori girls vs non-Māori girls,1.03,0.94,1.13,Age
children,Meets fruit recommendation,2024,Pacific vs non-Pacific,0.92,0.84,1.01,"Age, gender"
children,Meets fruit recommendation,2024,Pacific boys vs non-Pacific boys,0.85,0.71,1.03,Age
children,Meets fruit recommendation,2024,Pacific girls vs non-Pacific girls,0.98,0.87,1.09,Age
children,Meets fruit recommendation,2024,Asian vs non-Asian,0.82,0.76,0.89,"Age, gender"
children,Meets fruit recommendation,2024,Asian boys vs non-Asian boys,0.83,0.74,0.94,Age
children,Meets fruit recommendation,2024,Asian girls vs non-Asian girls,0.82,0.73,0.92,Age
children,Meets fruit recommendation,2024,Most deprived vs least deprived,0.9,0.8,1.01,"Age, gender, ethnic group"
children,Meets fruit recommendation,2024,Most deprived vs least deprived - boys,0.95,0.79,1.14,"Age, ethnic group"
children,Meets fruit recommendation,2024,Most deprived vs least deprived - girls,0.84,0.73,0.96,"Age, ethnic group"
children,Meets fruit recommendation,2024,Disabled children vs non-disabled children (5-14),0.97,0.85,1.11,"Age, gender"
children,Meets vegetable recommendation,2024,Boys vs girls,1.3,0.87,1.95,Age
children,Meets vegetable recommendation,2024,Māori vs non-Māori,1.13,0.72,1.79,"Age, gender"
children,Meets vegetable recommendation,2024,Māori boys vs non-Māori boys,0.75,0.38,1.48,Age
children,Meets vegetable recommendation,2024,Māori girls vs non-Māori girls,1.79,0.96,3.32,Age
children,Meets vegetable recommendation,2024,Pacific vs non-Pacific,0.67,0.35,1.29,"Age, gender"
children,Meets vegetable recommendation,2024,Pacific boys vs non-Pacific boys,0.6,0.23,1.57,Age
children,Meets vegetable recommendation,2024,Pacific girls vs non-Pacific girls,0.75,0.27,2.11,Age
children,Meets vegetable recommendation,2024,Asian vs non-Asian,0.39,0.22,0.71,"Age, gender"
children,Meets vegetable recommendation,2024,Asian boys vs non-Asian boys,0.21,0.06,0.71,Age
children,Meets vegetable recommendation,2024,Asian girls vs non-Asian girls,0.7,0.32,1.54,Age
children,Meets vegetable recommendation,2024,Most deprived vs least deprived,0.92,0.42,2.03,"Age, gender, ethnic group"
children,Meets vegetable recommendation,2024,Most deprived vs least deprived - boys,0.97,0.27,3.51,"Age, ethnic group"
children,Meets vegetable recommendation,2024,Most deprived vs least deprived - girls,0.92,0.42,2.05,"Age, ethnic group"
children,Meets vegetable recommendation,2024,Disabled children vs non-disabled children (5-14),3.05,1.21,7.69,"Age, gender"
children,Meets both vegetable and fruit recommendations,2024,Boys vs girls,1.36,0.93,2.0,Age
children,Meets both vegetable and fruit recommendations,2024,Māori vs non-Māori,1.0,0.65,1.53,"Age, gender"
children,Meets both vegetable and fruit recommendations,2024,Māori boys vs non-Māori boys,0.74,0.36,1.51,Age
children,Meets both vegetable and fruit recommendations,2024,Māori girls vs non-Māori girls,1.43,0.83,2.45,Age
children,Meets both vegetable and fruit recommendations,2024,Pacific vs non-Pacific,0.73,0.38,1.39,"Age, gender"
children,Meets both vegetable and fruit recommendations,2024,Pacific boys vs non-Pacific boys,0.63,0.24,1.67,Age
children,Meets both vegetable and fruit recommendations,2024,Pacific girls vs non-Pacific girls,0.83,0.3,2.33,Age
children,Meets both vegetable and fruit recommendations,2024,Asian vs non-Asian,0.41,0.22,0.75,"Age, gender"
children,Meets both vegetable and fruit recommendations,2024,Asian boys vs non-Asian boys,0.2,0.05,0.76,Age
children,Meets both vegetable and fruit recommendations,2024,Asian girls vs non-Asian girls,0.8,0.37,1.72,Age
children,Meets both vegetable and fruit recommendations,2024,Most deprived vs least deprived,0.89,0.38,2.06,"Age, gender, ethnic group"
children,Meets both vegetable and fruit recommendations,2024,Most deprived vs least deprived - boys,0.96,0.25,3.78,"Age, ethnic group"
children,Meets both vegetable and fruit recommendations,2024,Most deprived vs least deprived - girls,0.87,0.36,2.13,"Age, ethnic group"
children,Meets both vegetable and fruit recommendations,2024,Disabled children vs non-disabled children (5-14),3.34,1.28,8.74,"Age, gender"
children,Sleeps less than recommended,2024,Boys vs girls,1.08,0.86,1.34,Age
children,Sleeps less than recommended,2024,Māori vs non-Māori,1.52,1.26,1.83,"Age, gender"
children,Sleeps less than recommended,2024,Māori boys vs non-Māori boys,1.34,1.0,1.78,Age
children,Sleeps less than recommended,2024,Māori girls vs non-Māori girls,1.75,1.34,2.28,Age
children,Sleeps less than recommended,2024,Pacific vs non-Pacific,1.69,1.32,2.15,"Age, gender"
children,Sleeps less than recommended,2024,Pacific boys vs non-Pacific boys,1.72,1.21,2.45,Age
children,Sleeps less than recommended,2024,Pacific girls vs non-Pacific girls,1.65,1.19,2.28,Age
children,Sleeps less than recommended,2024,Asian vs non-Asian,1.13,0.93,1.39,"Age, gender"
children,Sleeps less than recommended,2024,Asian boys vs non-Asian boys,1.16,0.87,1.56,Age
children,Sleeps less than recommended,2024,Asian girls vs non-Asian girls,1.09,0.81,1.47,Age
children,Sleeps less than recommended,2024,Most deprived vs least deprived,1.9,1.18,3.07,"Age, gender, ethnic group"
children,Sleeps less than recommended,2024,Most deprived vs least deprived - boys,1.58,0.86,2.9,"Age, ethnic group"
children,Sleeps less than recommended,2024,Most deprived vs least deprived - girls,2.34,1.24,4.42,"Age, ethnic group"
children,Sleeps less than recommended,2024,Disabled children vs non-disabled children (5-14),1.8,1.36,2.38,"Age, gender"
children,Meets sleep duration recommendations,2024,Boys vs girls,0.97,0.92,1.03,Age
children,Meets sleep duration recommendations,2024,Māori vs non-Māori,0.91,0.86,0.96,"Age, gender"
children,Meets sleep duration recommendations,2024,Māori boys vs non-Māori boys,0.95,0.87,1.04,Age
children,Meets sleep duration recommendations,2024,Māori girls vs non-Māori girls,0.87,0.81,0.95,Age
children,Meets sleep duration recommendations,2024,Pacific vs non-Pacific,0.84,0.75,0.93,"Age, gender"
children,Meets sleep duration recommendations,2024,Pacific boys vs non-Pacific boys,0.81,0.69,0.95,Age
children,Meets sleep duration recommendations,2024,Pacific girls vs non-Pacific girls,0.86,0.76,0.98,Age
children,Meets sleep duration recommendations,2024,Asian vs non-Asian,0.99,0.92,1.05,"Age, gender"
children,Meets sleep duration recommendations,2024,Asian boys vs non-Asian boys,0.98,0.88,1.08,Age
children,Meets sleep duration recommendations,2024,Asian girls vs non-Asian girls,1.0,0.92,1.08,Age
children,Meets sleep duration recommendations,2024,Most deprived vs least deprived,0.84,0.76,0.93,"Age, gender, ethnic group"
children,Meets sleep duration recommendations,2024,Most deprived vs least deprived - boys,0.88,0.76,1.02,"Age, ethnic group"
children,Meets sleep duration recommendations,2024,Most deprived vs least deprived - girls,0.8,0.69,0.93,"Age, ethnic group"
children,Meets sleep duration recommendations,2024,Disabled children vs non-disabled children (5-14),0.85,0.77,0.95,"Age, gender"
children,Sleeps more than recommended,2024,Boys vs girls,1.28,0.8,2.03,Age
children,Sleeps more than recommended,2024,Māori vs non-Māori,0.97,0.61,1.53,"Age, gender"
children,Sleeps more than recommended,2024,Māori boys vs non-Māori boys,0.86,0.38,1.96,Age
children,Sleeps more than recommended,2024,Māori girls vs non-Māori girls,1.12,0.6,2.09,Age
children,Sleeps more than recommended,2024,Pacific vs non-Pacific,1.3,0.62,2.75,"Age, gender"
children,Sleeps more than recommended,2024,Pacific boys vs non-Pacific boys,1.26,0.51,3.16,Age
children,Sleeps more than recommended,2024,Pacific girls vs non-Pacific girls,1.33,0.35,5.03,Age
children,Sleeps more than recommended,2024,Asian vs non-Asian,0.77,0.44,1.35,"Age, gender"
children,Sleeps more than recommended,2024,Asian boys vs non-Asian boys,0.79,0.34,1.8,Age
children,Sleeps more than recommended,2024,Asian girls vs non-Asian girls,0.75,0.3,1.89,Age
children,Sleeps more than recommended,2024,Most deprived vs least deprived,1.12,0.49,2.6,"Age, gender, ethnic group"
children,Sleeps more than recommended,2024,Most deprived vs least deprived - boys,0.79,0.2,3.15,"Age, ethnic group"
children,Sleeps more than recommended,2024,Most deprived vs least deprived - girls,1.75,0.6,5.14,"Age, ethnic group"
children,Sleeps more than recommended,2024,Disabled children vs non-disabled children (5-14),1.14,0.57,2.28,"Age, gender"
children,Mean number of hours of sleep,2024,Boys vs girls,1.0,0.98,1.02,Age
children,Mean number of hours of sleep,2024,Māori vs non-Māori,0.99,0.97,1.0,"Age, gender"
children,Mean number of hours of sleep,2024,Māori boys vs non-Māori boys,0.99,0.97,1.02,Age
children,Mean number of hours of sleep,2024,Māori girls vs non-Māori girls,0.98,0.96,1.01,Age
children,Mean number of hours of sleep,2024,Pacific vs non-Pacific,0.95,0.93,0.98,"Age, gender"
children,Mean number of hours of sleep,2024,Pacific boys vs non-Pacific boys,0.96,0.92,1.0,Age
children,Mean number of hours of sleep,2024,Pacific girls vs non-Pacific girls,0.95,0.92,0.98,Age
children,Mean number of hours of sleep,2024,Asian vs non-Asian,0.99,0.97,1.01,"Age, gender"
children,Mean number of hours of sleep,2024,Asian boys vs non-Asian boys,0.98,0.95,1.01,Age
children,Mean number of hours of sleep,2024,Asian girls vs non-Asian girls,1.0,0.97,1.02,Age
children,Mean number of hours of sleep,2024,Most deprived vs least deprived,0.97,0.94,1.0,"Age, gender, ethnic group"
children,Mean number of hours of sleep,2024,Most deprived vs least deprived - boys,0.98,0.94,1.03,"Age, ethnic group"
children,Mean number of hours of sleep,2024,Most deprived vs least deprived - girls,0.96,0.93,1.0,"Age, ethnic group"
children,Mean number of hours of sleep,2024,Disabled children vs non-disabled children (5-14),0.97,0.95,1.0,"Age, gender"
children,Mean number of hours of screen time,2024,Boys vs girls,1.05,0.99,1.12,Age
children,Mean number of hours of screen time,2024,Māori vs non-Māori,1.18,1.07,1.3,"Age, gender"
children,Mean number of hours of screen time,2024,Māori boys vs non-Māori boys,1.11,0.98,1.25,Age
children,Mean number of hours of screen time,2024,Māori girls vs non-Māori girls,1.26,1.13,1.41,Age
children,Mean number of hours of screen time,2024,Pacific vs non-Pacific,1.13,1.02,1.26,"Age, gender"
children,Mean number of hours of screen time,2024,Pacific boys vs non-Pacific boys,1.09,0.95,1.25,Age
children,Mean number of hours of screen time,2024,Pacific girls vs non-Pacific girls,1.18,1.03,1.35,Age
children,Mean number of hours of screen time,2024,Asian vs non-Asian,0.95,0.88,1.01,"Age, gender"
children,Mean number of hours of screen time,2024,Asian boys vs non-Asian boys,1.0,0.9,1.11,Age
children,Mean number of hours of screen time,2024,Asian girls vs non-Asian girls,0.9,0.81,0.99,Age
children,Mean number of hours of screen time,2024,Most deprived vs least deprived,1.25,1.1,1.43,"Age, gender, ethnic group"
children,Mean number of hours of screen time,2024,Most deprived vs least deprived - boys,1.21,1.0,1.46,"Age, ethnic group"
children,Mean number of hours of screen time,2024,Most deprived vs least deprived - girls,1.29,1.07,1.54,"Age, ethnic group"
children,Mean number of hours of screen time,2024,Disabled children vs non-disabled children (5-14),1.17,1.03,1.34,"Age, gender"
children,Met screen time recommendations,2024,Boys vs girls,0.95,0.82,1.1,Age
children,Met screen time recommendations,2024,Māori vs non-Māori,0.76,0.63,0.91,"Age, gender"
children,Met screen time recommendations,2024,Māori boys vs non-Māori boys,0.87,0.69,1.09,Age
children,Met screen time recommendations,2024,Māori girls vs non-Māori girls,0.65,0.5,0.85,Age
children,Met screen time recommendations,2024,Pacific vs non-Pacific,0.74,0.58,0.95,"Age, gender"
children,Met screen time recommendations,2024,Pacific boys vs non-Pacific boys,0.82,0.54,1.23,Age
children,Met screen time recommendations,2024,Pacific girls vs non-Pacific girls,0.68,0.49,0.95,Age
children,Met screen time recommendations,2024,Asian vs non-Asian,1.05,0.91,1.22,"Age, gender"
children,Met screen time recommendations,2024,Asian boys vs non-Asian boys,1.03,0.82,1.28,Age
children,Met screen time recommendations,2024,Asian girls vs non-Asian girls,1.08,0.85,1.36,Age
children,Met screen time recommendations,2024,Most deprived vs least deprived,0.75,0.54,1.03,"Age, gender, ethnic group"
children,Met screen time recommendations,2024,Most deprived vs least deprived - boys,0.78,0.5,1.22,"Age, ethnic group"
children,Met screen time recommendations,2024,Most deprived vs least deprived - girls,0.72,0.48,1.09,"Age, ethnic group"
children,Met screen time recommendations,2024,Disabled children vs non-disabled children (5-14),0.77,0.54,1.11,"Age, gender"
children,Mean weight (kg),2024,Boys vs girls,1.0,0.96,1.04,Age
children,Mean weight (kg),2024,Māori vs non-Māori,1.11,1.07,1.14,"Age, gender"
children,Mean weight (kg),2024,Māori boys vs non-Māori boys,1.1,1.04,1.17,Age
children,Mean weight (kg),2024,Māori girls vs non-Māori girls,1.11,1.05,1.17,Age
children,Mean weight (kg),2024,Pacific vs non-Pacific,1.23,1.15,1.3,"Age, gender"
children,Mean weight (kg),2024,Pacific boys vs non-Pacific boys,1.18,1.1,1.25,Age
children,Mean weight (kg),2024,Pacific girls vs non-Pacific girls,1.27,1.17,1.38,Age
children,Mean weight (kg),2024,Asian vs non-Asian,0.9,0.87,0.94,"Age, gender"
children,Mean weight (kg),2024,Asian boys vs non-Asian boys,0.91,0.86,0.96,Age
children,Mean weight (kg),2024,Asian girls vs non-Asian girls,0.9,0.84,0.96,Age
children,Mean weight (kg),2024,Most deprived vs least deprived,1.1,1.03,1.17,"Age, gender, ethnic group"
children,Mean weight (kg),2024,Most deprived vs least deprived - boys,1.17,1.07,1.29,"Age, ethnic group"
children,Mean weight (kg),2024,Most deprived vs least deprived - girls,1.02,0.94,1.12,"Age, ethnic group"
children,Mean weight (kg),2024,Disabled children vs non-disabled children (5-14),1.06,1.0,1.14,"Age, gender"
children,Mean height (cm),2024,Boys vs girls,1.0,0.99,1.02,Age
children,Mean height (cm),2024,Māori vs non-Māori,1.01,1.0,1.02,"Age, gender"
children,Mean height (cm),2024,Māori boys vs non-Māori boys,1.01,0.99,1.02,Age
children,Mean height (cm),2024,Māori girls vs non-Māori girls,1.02,1.0,1.04,Age
children,Mean height (cm),2024,Pacific vs non-Pacific,1.03,1.01,1.04,"Age, gender"
children,Mean height (cm),2024,Pacific boys vs non-Pacific boys,1.02,1.0,1.04,Age
children,Mean height (cm),2024,Pacific girls vs non-Pacific girls,1.04,1.01,1.06,Age
children,Mean height (cm),2024,Asian vs non-Asian,0.98,0.97,0.99,"Age, gender"
children,Mean height (cm),2024,Asian boys vs non-Asian boys,0.98,0.97,1.0,Age
children,Mean height (cm),2024,Asian girls vs non-Asian girls,0.98,0.96,1.0,Age
children,Mean height (cm),2024,Most deprived vs least deprived,1.01,0.99,1.03,"Age, gender, ethnic group"
children,Mean height (cm),2024,Most deprived vs least deprived - boys,1.02,0.99,1.04,"Age, ethnic group"
children,Mean height (cm),2024,Most deprived vs least deprived - girls,1.0,0.97,1.02,"Age, ethnic group"
children,Mean height (cm),2024,Disabled children vs non-disabled children (5-14),1.0,0.98,1.01,"Age, gender"
children,Food runs out - often or sometimes,2024,Boys vs girls,0.96,0.78,1.19,Age
children,Food runs out - often or sometimes,2024,Māori vs non-Māori,1.89,1.55,2.29,"Age, gender"
children,Food runs out - often or sometimes,2024,Māori boys vs non-Māori boys,1.76,1.39,2.24,Age
children,Food runs out - often or sometimes,2024,Māori girls vs non-Māori girls,2.02,1.49,2.73,Age
children,Food runs out - often or sometimes,2024,Pacific vs non-Pacific,2.46,1.99,3.04,"Age, gender"
children,Food runs out - often or sometimes,2024,Pacific boys vs non-Pacific boys,2.43,1.72,3.44,Age
children,Food runs out - often or sometimes,2024,Pacific girls vs non-Pacific girls,2.49,2.0,3.1,Age
children,Food runs out - often or sometimes,2024,Asian vs non-Asian,0.56,0.4,0.78,"Age, gender"
children,Food runs out - often or sometimes,2024,Asian boys vs non-Asian boys,0.62,0.39,1.01,Age
children,Food runs out - often or sometimes,2024,Asian girls vs non-Asian girls,0.5,0.33,0.74,Age
children,Food runs out - often or sometimes,2024,Most deprived vs least deprived,3.91,2.65,5.77,"Age, gender, ethnic group"
children,Food runs out - often or sometimes,2024,Most deprived vs least deprived - boys,3.47,1.9,6.33,"Age, ethnic group"
children,Food runs out - often or sometimes,2024,Most deprived vs least deprived - girls,4.37,2.44,7.81,"Age, ethnic group"
children,Food runs out - often or sometimes,2024,Disabled children vs non-disabled children (5-14),1.7,1.25,2.3,"Age, gender"
children,Food runs out - often,2024,Boys vs girls,0.95,0.58,1.55,Age
children,Food runs out - often,2024,Māori vs non-Māori,2.53,1.6,3.99,"Age, gender"
children,Food runs out - often,2024,Māori boys vs non-Māori boys,2.66,1.36,5.2,Age
children,Food runs out - often,2024,Māori girls vs non-Māori girls,2.4,1.28,4.5,Age
children,Food runs out - often,2024,Pacific vs non-Pacific,2.64,1.6,4.33,"Age, gender"
children,Food runs out - often,2024,Pacific boys vs non-Pacific boys,1.65,0.79,3.46,Age
children,Food runs out - often,2024,Pacific girls vs non-Pacific girls,3.74,2.01,6.94,Age
children,Food runs out - often,2024,Asian vs non-Asian,0.45,0.1,2.01,"Age, gender"
children,Food runs out - often,2024,Asian boys vs non-Asian boys,0.62,0.11,3.5,Age
children,Food runs out - often,2024,Asian girls vs non-Asian girls,0.29,0.07,1.22,Age
children,Food runs out - often,2024,Most deprived vs least deprived,4.5,1.81,11.17,"Age, gender, ethnic group"
children,Food runs out - often,2024,Most deprived vs least deprived - boys,5.5,1.46,20.71,"Age, ethnic group"
children,Food runs out - often,2024,Most deprived vs least deprived - girls,3.78,1.24,11.55,"Age, ethnic group"
children,Food runs out - often,2024,Disabled children vs non-disabled children (5-14),3.11,1.82,5.3,"Age, gender"
children,Food runs out - sometimes,2024,Boys vs girls,0.97,0.75,1.25,Age
children,Food runs out - sometimes,2024,Māori vs non-Māori,1.72,1.37,2.17,"Age, gender"
children,Food runs out - sometimes,2024,Māori boys vs non-Māori boys,1.55,1.13,2.13,Age
children,Food runs out - sometimes,2024,Māori girls vs non-Māori girls,1.92,1.38,2.66,Age
children,Food runs out - sometimes,2024,Pacific vs non-Pacific,2.41,1.91,3.04,"Age, gender"
children,Food runs out - sometimes,2024,Pacific boys vs non-Pacific boys,2.7,1.89,3.87,Age
children,Food runs out - sometimes,2024,Pacific girls vs non-Pacific girls,2.17,1.66,2.85,Age
children,Food runs out - sometimes,2024,Asian vs non-Asian,0.59,0.4,0.86,"Age, gender"
children,Food runs out - sometimes,2024,Asian boys vs non-Asian boys,0.62,0.35,1.12,Age
children,Food runs out - sometimes,2024,Asian girls vs non-Asian girls,0.57,0.36,0.89,Age
children,Food runs out - sometimes,2024,Most deprived vs least deprived,3.68,2.42,5.59,"Age, gender, ethnic group"
children,Food runs out - sometimes,2024,Most deprived vs least deprived - boys,3.0,1.5,5.99,"Age, ethnic group"
children,Food runs out - sometimes,2024,Most deprived vs least deprived - girls,4.45,2.29,8.65,"Age, ethnic group"
children,Food runs out - sometimes,2024,Disabled children vs non-disabled children (5-14),1.31,0.91,1.88,"Age, gender"
children,Use food grants - often or sometimes,2024,Boys vs girls,1.02,0.75,1.39,Age
children,Use food grants - often or sometimes,2024,Māori vs non-Māori,3.22,2.52,4.12,"Age, gender"
children,Use food grants - often or sometimes,2024,Māori boys vs non-Māori boys,2.57,1.81,3.64,Age
children,Use food grants - often or sometimes,2024,Māori girls vs non-Māori girls,4.12,2.83,6.02,Age
children,Use food grants - often or sometimes,2024,Pacific vs non-Pacific,2.71,2.12,3.48,"Age, gender"
children,Use food grants - often or sometimes,2024,Pacific boys vs non-Pacific boys,2.54,1.74,3.71,Age
children,Use food grants - often or sometimes,2024,Pacific girls vs non-Pacific girls,2.91,2.13,3.99,Age
children,Use food grants - often or sometimes,2024,Asian vs non-Asian,0.34,0.18,0.63,"Age, gender"
children,Use food grants - often or sometimes,2024,Asian boys vs non-Asian boys,0.45,0.17,1.18,Age
children,Use food grants - often or sometimes,2024,Asian girls vs non-Asian girls,0.23,0.1,0.5,Age
children,Use food grants - often or sometimes,2024,Most deprived vs least deprived,4.93,2.71,8.99,"Age, gender, ethnic group"
children,Use food grants - often or sometimes,2024,Most deprived vs least deprived - boys,3.23,1.36,7.67,"Age, ethnic group"
children,Use food grants - often or sometimes,2024,Most deprived vs least deprived - girls,8.06,3.68,17.67,"Age, ethnic group"
children,Use food grants - often or sometimes,2024,Disabled children vs non-disabled children (5-14),2.79,2.06,3.76,"Age, gender"
children,Use food grants - often,2024,Boys vs girls,0.73,0.34,1.59,Age
children,Use food grants - often,2024,Māori vs non-Māori,3.84,1.89,7.82,"Age, gender"
children,Use food grants - often,2024,Māori boys vs non-Māori boys,4.22,1.3,13.71,Age
children,Use food grants - often,2024,Māori girls vs non-Māori girls,3.58,1.27,10.08,Age
children,Use food grants - often,2024,Pacific vs non-Pacific,2.12,0.91,4.97,"Age, gender"
children,Use food grants - often,2024,Pacific boys vs non-Pacific boys,1.46,0.52,4.11,Age
children,Use food grants - often,2024,Pacific girls vs non-Pacific girls,2.69,0.79,9.18,Age
children,Use food grants - often,2024,Asian vs non-Asian,0.14,0.03,0.59,"Age, gender"
children,Use food grants - often,2024,Asian boys vs non-Asian boys,0.3,0.05,1.72,Age
children,Use food grants - often,2024,Most deprived vs least deprived,2.08,0.3,14.33,"Age, gender, ethnic group"
children,Use food grants - often,2024,Disabled children vs non-disabled children (5-14),4.59,1.98,10.61,"Age, gender"
children,Use food grants - sometimes,2024,Boys vs girls,1.1,0.79,1.54,Age
children,Use food grants - sometimes,2024,Māori vs non-Māori,3.09,2.29,4.18,"Age, gender"
children,Use food grants - sometimes,2024,Māori boys vs non-Māori boys,2.35,1.55,3.55,Age
children,Use food grants - sometimes,2024,Māori girls vs non-Māori girls,4.3,2.8,6.6,Age
children,Use food grants - sometimes,2024,Pacific vs non-Pacific,2.86,2.18,3.76,"Age, gender"
children,Use food grants - sometimes,2024,Pacific boys vs non-Pacific boys,2.78,1.84,4.19,Age
children,Use food grants - sometimes,2024,Pacific girls vs non-Pacific girls,2.98,2.02,4.39,Age
children,Use food grants - sometimes,2024,Asian vs non-Asian,0.39,0.21,0.72,"Age, gender"
children,Use food grants - sometimes,2024,Asian boys vs non-Asian boys,0.49,0.18,1.3,Age
children,Use food grants - sometimes,2024,Asian girls vs non-Asian girls,0.29,0.13,0.64,Age
children,Use food grants - sometimes,2024,Most deprived vs least deprived,6.07,3.1,11.9,"Age, gender, ethnic group"
children,Use food grants - sometimes,2024,Most deprived vs least deprived - boys,4.58,1.96,10.67,"Age, ethnic group"
children,Use food grants - sometimes,2024,Most deprived vs least deprived - girls,8.24,2.86,23.75,"Age, ethnic group"
children,Use food grants - sometimes,2024,Disabled children vs non-disabled children (5-14),2.48,1.73,3.55,"Age, gender"
children,We eat less - often or sometimes,2024,Boys vs girls,1.06,0.87,1.29,Age
children,We eat less - often or sometimes,2024,Māori vs non-Māori,1.8,1.51,2.14,"Age, gender"
children,We eat less - often or sometimes,2024,Māori boys vs non-Māori boys,1.57,1.24,1.98,Age
children,We eat less - often or sometimes,2024,Māori girls vs non-Māori girls,2.09,1.64,2.68,Age
children,We eat less - often or sometimes,2024,Pacific vs non-Pacific,2.09,1.67,2.61,"Age, gender"
children,We eat less - often or sometimes,2024,Pacific boys vs non-Pacific boys,2.13,1.51,3.0,Age
children,We eat less - often or sometimes,2024,Pacific girls vs non-Pacific girls,2.05,1.5,2.8,Age
children,We eat less - often or sometimes,2024,Asian vs non-Asian,0.46,0.33,0.64,"Age, gender"
children,We eat less - often or sometimes,2024,Asian boys vs non-Asian boys,0.51,0.33,0.78,Age
children,We eat less - often or sometimes,2024,Asian girls vs non-Asian girls,0.42,0.26,0.66,Age
children,We eat less - often or sometimes,2024,Most deprived vs least deprived,2.51,1.8,3.51,"Age, gender, ethnic group"
children,We eat less - often or sometimes,2024,Most deprived vs least deprived - boys,2.64,1.52,4.56,"Age, ethnic group"
children,We eat less - often or sometimes,2024,Most deprived vs least deprived - girls,2.31,1.39,3.85,"Age, ethnic group"
children,We eat less - often or sometimes,2024,Disabled children vs non-disabled children (5-14),1.82,1.4,2.36,"Age, gender"
children,We eat less - often,2024,Boys vs girls,1.23,0.67,2.23,Age
children,We eat less - often,2024,Māori vs non-Māori,2.81,1.64,4.82,"Age, gender"
children,We eat less - often,2024,Māori boys vs non-Māori boys,2.97,1.35,6.52,Age
children,We eat less - often,2024,Māori girls vs non-Māori girls,2.63,1.21,5.7,Age
children,We eat less - often,2024,Pacific vs non-Pacific,2.02,1.16,3.5,"Age, gender"
children,We eat less - often,2024,Pacific boys vs non-Pacific boys,1.66,0.73,3.76,Age
children,We eat less - often,2024,Pacific girls vs non-Pacific girls,2.46,1.09,5.56,Age
children,We eat less - often,2024,Asian vs non-Asian,0.5,0.17,1.48,"Age, gender"
children,We eat less - often,2024,Asian boys vs non-Asian boys,0.62,0.1,3.7,Age
children,We eat less - often,2024,Asian girls vs non-Asian girls,0.37,0.06,2.24,Age
children,We eat less - often,2024,Most deprived vs least deprived,1.11,0.34,3.6,"Age, gender, ethnic group"
children,We eat less - often,2024,Most deprived vs least deprived - boys,0.8,0.14,4.49,"Age, ethnic group"
children,We eat less - often,2024,Most deprived vs least deprived - girls,1.71,0.41,7.13,"Age, ethnic group"
children,We eat less - often,2024,Disabled children vs non-disabled children (5-14),4.02,2.02,8.0,"Age, gender"
children,We eat less - sometimes,2024,Boys vs girls,1.03,0.82,1.29,Age
children,We eat less - sometimes,2024,Māori vs non-Māori,1.63,1.34,2.0,"Age, gender"
children,We eat less - sometimes,2024,Māori boys vs non-Māori boys,1.34,1.03,1.75,Age
children,We eat less - sometimes,2024,Māori girls vs non-Māori girls,2.01,1.53,2.63,Age
children,We eat less - sometimes,2024,Pacific vs non-Pacific,2.11,1.61,2.76,"Age, gender"
children,We eat less - sometimes,2024,Pacific boys vs non-Pacific boys,2.25,1.52,3.31,Age
children,We eat less - sometimes,2024,Pacific girls vs non-Pacific girls,1.98,1.32,2.98,Age
children,We eat less - sometimes,2024,Asian vs non-Asian,0.45,0.33,0.62,"Age, gender"
children,We eat less - sometimes,2024,Asian boys vs non-Asian boys,0.49,0.31,0.76,Age
children,We eat less - sometimes,2024,Asian girls vs non-Asian girls,0.42,0.26,0.7,Age
children,We eat less - sometimes,2024,Most deprived vs least deprived,3.0,2.07,4.35,"Age, gender, ethnic group"
children,We eat less - sometimes,2024,Most deprived vs least deprived - boys,3.5,1.95,6.29,"Age, ethnic group"
children,We eat less - sometimes,2024,Most deprived vs least deprived - girls,2.44,1.42,4.17,"Age, ethnic group"
children,We eat less - sometimes,2024,Disabled children vs non-disabled children (5-14),1.48,1.04,2.11,"Age, gender"
children,Unmet need for GP due to wait time,2024,Boys vs girls,1.03,0.83,1.28,Age
children,Unmet need for GP due to wait time,2024,Māori vs non-Māori,0.82,0.64,1.04,"Age, gender"
children,Unmet need for GP due to wait time,2024,Māori boys vs non-Māori boys,0.85,0.62,1.17,Age
children,Unmet need for GP due to wait time,2024,Māori girls vs non-Māori girls,0.78,0.53,1.16,Age
children,Unmet need for GP due to wait time,2024,Pacific vs non-Pacific,1.16,0.88,1.53,"Age, gender"
children,Unmet need for GP due to wait time,2024,Pacific boys vs non-Pacific boys,1.11,0.76,1.62,Age
children,Unmet need for GP due to wait time,2024,Pacific girls vs non-Pacific girls,1.21,0.77,1.89,Age
children,Unmet need for GP due to wait time,2024,Asian vs non-Asian,1.29,1.05,1.59,"Age, gender"
children,Unmet need for GP due to wait time,2024,Asian boys vs non-Asian boys,1.41,1.03,1.92,Age
children,Unmet need for GP due to wait time,2024,Asian girls vs non-Asian girls,1.19,0.86,1.65,Age
children,Unmet need for GP due to wait time,2024,Most deprived vs least deprived,0.71,0.48,1.05,"Age, gender, ethnic group"
children,Unmet need for GP due to wait time,2024,Most deprived vs least deprived - boys,0.68,0.37,1.23,"Age, ethnic group"
children,Unmet need for GP due to wait time,2024,Most deprived vs least deprived - girls,0.74,0.4,1.37,"Age, ethnic group"
children,Unmet need for GP due to wait time,2024,Disabled children vs non-disabled children (5-14),1.25,0.86,1.81,"Age, gender"
children,Unmet need for GP due to transport,2024,Boys vs girls,0.68,0.32,1.44,Age
children,Unmet need for GP due to transport,2024,Māori vs non-Māori,2.58,1.16,5.76,"Age, gender"
children,Unmet need for GP due to transport,2024,Māori boys vs non-Māori boys,2.54,0.89,7.3,Age
children,Unmet need for GP due to transport,2024,Māori girls vs non-Māori girls,2.61,0.79,8.58,Age
children,Unmet need for GP due to transport,2024,Pacific vs non-Pacific,1.31,0.57,3.03,"Age, gender"
children,Unmet need for GP due to transport,2024,Pacific boys vs non-Pacific boys,2.36,0.74,7.56,Age
children,Unmet need for GP due to transport,2024,Pacific girls vs non-Pacific girls,0.75,0.17,3.28,Age
children,Unmet need for GP due to transport,2024,Asian vs non-Asian,0.2,0.05,0.84,"Age, gender"
children,Unmet need for GP due to transport,2024,Asian girls vs non-Asian girls,0.21,0.03,1.41,Age
children,Unmet need for GP due to transport,2024,Most deprived vs least deprived,0.71,0.1,5.0,"Age, gender, ethnic group"
children,Unmet need for GP due to transport,2024,Disabled children vs non-disabled children (5-14),5.24,1.25,21.97,"Age, gender"
children,Unmet need for GP due to care for a dependent,2024,Boys vs girls,0.75,0.36,1.55,Age
children,Unmet need for GP due to care for a dependent,2024,Māori vs non-Māori,1.06,0.44,2.54,"Age, gender"
children,Unmet need for GP due to care for a dependent,2024,Māori boys vs non-Māori boys,1.11,0.27,4.54,Age
children,Unmet need for GP due to care for a dependent,2024,Māori girls vs non-Māori girls,1.02,0.25,4.13,Age
children,Unmet need for GP due to care for a dependent,2024,Pacific vs non-Pacific,0.86,0.23,3.23,"Age, gender"
children,Unmet need for GP due to care for a dependent,2024,Pacific boys vs non-Pacific boys,2.51,0.49,12.91,Age
children,Unmet need for GP due to care for a dependent,2024,Asian vs non-Asian,1.69,0.55,5.21,"Age, gender"
children,Unmet need for GP due to care for a dependent,2024,Asian boys vs non-Asian boys,1.71,0.44,6.69,Age
children,Unmet need for GP due to care for a dependent,2024,Asian girls vs non-Asian girls,1.6,0.38,6.73,Age
children,Unmet need for GP due to care for a dependent,2024,Disabled children vs non-disabled children (5-14),1.97,0.64,6.1,"Age, gender"
children,Unmet need for GP due to dislike,2024,Boys vs girls,0.91,0.38,2.16,Age
children,Unmet need for GP due to dislike,2024,Māori vs non-Māori,0.84,0.29,2.45,"Age, gender"
children,Unmet need for GP due to dislike,2024,Māori boys vs non-Māori boys,1.71,0.35,8.5,Age
children,Unmet need for GP due to dislike,2024,Māori girls vs non-Māori girls,0.3,0.04,1.98,Age
children,Unmet need for GP due to dislike,2024,Pacific vs non-Pacific,0.33,0.06,1.72,"Age, gender"
children,Unmet need for GP due to dislike,2024,Asian vs non-Asian,0.82,0.29,2.27,"Age, gender"
children,Unmet need for GP due to dislike,2024,Asian girls vs non-Asian girls,1.51,0.55,4.14,Age
children,Unmet need for GP due to dislike,2024,Most deprived vs least deprived,1.45,0.37,5.65,"Age, gender, ethnic group"
children,Unmet need for GP due to dislike,2024,Disabled children vs non-disabled children (5-14),5.48,1.64,18.32,"Age, gender"
children,Unmet need for GP due to work,2024,Boys vs girls,0.91,0.57,1.43,Age
children,Unmet need for GP due to work,2024,Māori vs non-Māori,0.76,0.46,1.27,"Age, gender"
children,Unmet need for GP due to work,2024,Māori boys vs non-Māori boys,0.69,0.36,1.33,Age
children,Unmet need for GP due to work,2024,Māori girls vs non-Māori girls,0.83,0.4,1.72,Age
children,Unmet need for GP due to work,2024,Pacific vs non-Pacific,2.01,1.12,3.61,"Age, gender"
children,Unmet need for GP due to work,2024,Pacific boys vs non-Pacific boys,2.72,1.2,6.16,Age
children,Unmet need for GP due to work,2024,Pacific girls vs non-Pacific girls,1.48,0.67,3.24,Age
children,Unmet need for GP due to work,2024,Asian vs non-Asian,0.97,0.52,1.79,"Age, gender"
children,Unmet need for GP due to work,2024,Asian boys vs non-Asian boys,1.1,0.51,2.39,Age
children,Unmet need for GP due to work,2024,Asian girls vs non-Asian girls,0.82,0.31,2.16,Age
children,Unmet need for GP due to work,2024,Most deprived vs least deprived,0.91,0.34,2.44,"Age, gender, ethnic group"
children,Unmet need for GP due to work,2024,Most deprived vs least deprived - boys,1.94,0.55,6.87,"Age, ethnic group"
children,Unmet need for GP due to work,2024,Most deprived vs least deprived - girls,0.46,0.13,1.68,"Age, ethnic group"
children,Unmet need for GP due to work,2024,Disabled children vs non-disabled children (5-14),1.34,0.61,2.97,"Age, gender"
children,Unmet need for mental health care and addictions services,2024,Boys vs girls,1.41,0.84,2.37,Age
children,Unmet need for mental health care and addictions services,2024,Māori vs non-Māori,1.18,0.72,1.94,"Age, gender"
children,Unmet need for mental health care and addictions services,2024,Māori boys vs non-Māori boys,1.17,0.57,2.42,Age
children,Unmet need for mental health care and addictions services,2024,Māori girls vs non-Māori girls,1.19,0.64,2.21,Age
children,Unmet need for mental health care and addictions services,2024,Pacific vs non-Pacific,0.96,0.52,1.78,"Age, gender"
children,Unmet need for mental health care and addictions services,2024,Pacific boys vs non-Pacific boys,1.15,0.48,2.77,Age
children,Unmet need for mental health care and addictions services,2024,Pacific girls vs non-Pacific girls,0.76,0.28,2.02,Age
children,Unmet need for mental health care and addictions services,2024,Asian vs non-Asian,0.65,0.32,1.29,"Age, gender"
children,Unmet need for mental health care and addictions services,2024,Asian boys vs non-Asian boys,0.68,0.24,1.93,Age
children,Unmet need for mental health care and addictions services,2024,Asian girls vs non-Asian girls,0.59,0.22,1.55,Age
children,Unmet need for mental health care and addictions services,2024,Most deprived vs least deprived,0.97,0.5,1.88,"Age, gender, ethnic group"
children,Unmet need for mental health care and addictions services,2024,Most deprived vs least deprived - boys,1.1,0.41,2.93,"Age, ethnic group"
children,Unmet need for mental health care and addictions services,2024,Most deprived vs least deprived - girls,0.85,0.3,2.39,"Age, ethnic group"
children,Unmet need for mental health care and addictions services,2024,Disabled children vs non-disabled children (5-14),8.24,5.35,12.7,"Age, gender"
children,Consulted GP or nurse about mental health,2024,Boys vs girls,1.27,0.82,1.98,Age
children,Consulted GP or nurse about mental health,2024,Māori vs non-Māori,0.86,0.6,1.23,"Age, gender"
children,Consulted GP or nurse about mental health,2024,Māori boys vs non-Māori boys,0.54,0.31,0.93,Age
children,Consulted GP or nurse about mental health,2024,Māori girls vs non-Māori girls,1.38,0.78,2.45,Age
children,Consulted GP or nurse about mental health,2024,Pacific vs non-Pacific,0.89,0.48,1.65,"Age, gender"
children,Consulted GP or nurse about mental health,2024,Pacific boys vs non-Pacific boys,0.66,0.27,1.62,Age
children,Consulted GP or nurse about mental health,2024,Pacific girls vs non-Pacific girls,1.12,0.44,2.82,Age
children,Consulted GP or nurse about mental health,2024,Asian vs non-Asian,0.47,0.26,0.86,"Age, gender"
children,Consulted GP or nurse about mental health,2024,Asian boys vs non-Asian boys,0.53,0.27,1.04,Age
children,Consulted GP or nurse about mental health,2024,Asian girls vs non-Asian girls,0.41,0.14,1.24,Age
children,Consulted GP or nurse about mental health,2024,Most deprived vs least deprived,0.86,0.46,1.61,"Age, gender, ethnic group"
children,Consulted GP or nurse about mental health,2024,Most deprived vs least deprived - boys,0.91,0.45,1.84,"Age, ethnic group"
children,Consulted GP or nurse about mental health,2024,Most deprived vs least deprived - girls,0.74,0.25,2.2,"Age, ethnic group"
children,Consulted GP or nurse about mental health,2024,Disabled children vs non-disabled children (5-14),8.02,5.47,11.76,"Age, gender"
children,"Consulted psychologist, counsellor, or psychotherapist about mental health",2024,Boys vs girls,1.3,0.79,2.15,Age
children,"Consulted psychologist, counsellor, or psychotherapist about mental health",2024,Māori vs non-Māori,0.96,0.61,1.52,"Age, gender"
children,"Consulted psychologist, counsellor, or psychotherapist about mental health",2024,Māori boys vs non-Māori boys,0.66,0.34,1.25,Age
children,"Consulted psychologist, counsellor, or psychotherapist about mental health",2024,Māori girls vs non-Māori girls,1.49,0.8,2.78,Age
children,"Consulted psychologist, counsellor, or psychotherapist about mental health",2024,Pacific vs non-Pacific,0.85,0.46,1.55,"Age, gender"
children,"Consulted psychologist, counsellor, or psychotherapist about mental health",2024,Pacific boys vs non-Pacific boys,0.53,0.18,1.58,Age
children,"Consulted psychologist, counsellor, or psychotherapist about mental health",2024,Pacific girls vs non-Pacific girls,1.28,0.6,2.73,Age
children,"Consulted psychologist, counsellor, or psychotherapist about mental health",2024,Asian vs non-Asian,0.21,0.1,0.46,"Age, gender"
children,"Consulted psychologist, counsellor, or psychotherapist about mental health",2024,Asian boys vs non-Asian boys,0.26,0.1,0.7,Age
children,"Consulted psychologist, counsellor, or psychotherapist about mental health",2024,Asian girls vs non-Asian girls,0.15,0.02,1.02,Age
children,"Consulted psychologist, counsellor, or psychotherapist about mental health",2024,Most deprived vs least deprived,1.19,0.56,2.53,"Age, gender, ethnic group"
children,"Consulted psychologist, counsellor, or psychotherapist about mental health",2024,Most deprived vs least deprived - boys,1.46,0.5,4.26,"Age, ethnic group"
children,"Consulted psychologist, counsellor, or psychotherapist about mental health",2024,Most deprived vs least deprived - girls,0.83,0.3,2.32,"Age, ethnic group"
children,"Consulted psychologist, counsellor, or psychotherapist about mental health",2024,Disabled children vs non-disabled children (5-14),7.56,4.7,12.16,"Age, gender"
children,Consulted teacher about mental health,2024,Boys vs girls,1.35,1.0,1.82,Age
children,Consulted teacher about mental health,2024,Māori vs non-Māori,1.33,0.99,1.78,"Age, gender"
children,Consulted teacher about mental health,2024,Māori boys vs non-Māori boys,1.2,0.8,1.8,Age
children,Consulted teacher about mental health,2024,Māori girls vs non-Māori girls,1.54,0.98,2.42,Age
children,Consulted teacher about mental health,2024,Pacific vs non-Pacific,0.92,0.64,1.34,"Age, gender"
children,Consulted teacher about mental health,2024,Pacific boys vs non-Pacific boys,0.94,0.56,1.58,Age
children,Consulted teacher about mental health,2024,Pacific girls vs non-Pacific girls,0.92,0.5,1.71,Age
children,Consulted teacher about mental health,2024,Asian vs non-Asian,0.49,0.3,0.78,"Age, gender"
children,Consulted teacher about mental health,2024,Asian boys vs non-Asian boys,0.48,0.22,1.02,Age
children,Consulted teacher about mental health,2024,Asian girls vs non-Asian girls,0.49,0.24,1.0,Age
children,Consulted teacher about mental health,2024,Most deprived vs least deprived,0.64,0.41,1.02,"Age, gender, ethnic group"
children,Consulted teacher about mental health,2024,Most deprived vs least deprived - boys,0.78,0.39,1.53,"Age, ethnic group"
children,Consulted teacher about mental health,2024,Most deprived vs least deprived - girls,0.48,0.22,1.06,"Age, ethnic group"
children,Consulted teacher about mental health,2024,Disabled children vs non-disabled children (5-14),5.12,3.84,6.82,"Age, gender"
children,"Consulted family, whānau and/or friends about mental health",2024,Boys vs girls,1.11,0.85,1.44,Age
children,"Consulted family, whānau and/or friends about mental health",2024,Māori vs non-Māori,1.43,1.1,1.87,"Age, gender"
children,"Consulted family, whānau and/or friends about mental health",2024,Māori boys vs non-Māori boys,1.53,1.06,2.19,Age
children,"Consulted family, whānau and/or friends about mental health",2024,Māori girls vs non-Māori girls,1.33,0.91,1.97,Age
children,"Consulted family, whānau and/or friends about mental health",2024,Pacific vs non-Pacific,1.07,0.74,1.54,"Age, gender"
children,"Consulted family, whānau and/or friends about mental health",2024,Pacific boys vs non-Pacific boys,1.13,0.68,1.87,Age
children,"Consulted family, whānau and/or friends about mental health",2024,Pacific girls vs non-Pacific girls,1.05,0.65,1.72,Age
children,"Consulted family, whānau and/or friends about mental health",2024,Asian vs non-Asian,0.82,0.57,1.18,"Age, gender"
children,"Consulted family, whānau and/or friends about mental health",2024,Asian boys vs non-Asian boys,0.91,0.58,1.44,Age
children,"Consulted family, whānau and/or friends about mental health",2024,Asian girls vs non-Asian girls,0.68,0.41,1.14,Age
children,"Consulted family, whānau and/or friends about mental health",2024,Most deprived vs least deprived,0.89,0.58,1.37,"Age, gender, ethnic group"
children,"Consulted family, whānau and/or friends about mental health",2024,Most deprived vs least deprived - boys,0.87,0.45,1.67,"Age, ethnic group"
children,"Consulted family, whānau and/or friends about mental health",2024,Most deprived vs least deprived - girls,0.96,0.55,1.69,"Age, ethnic group"
children,"Consulted family, whānau and/or friends about mental health",2024,Disabled children vs non-disabled children (5-14),3.75,2.82,5.0,"Age, gender"
children,Exclusively breastfed until 6+ months,2024,Boys vs girls,0.81,0.41,1.62,Age
children,Exclusively breastfed until 6+ months,2024,Māori vs non-Māori,0.82,0.42,1.62,"Age, gender"
children,Exclusively breastfed until 6+ months,2024,Māori boys vs non-Māori boys,1.48,0.61,3.57,Age
children,Exclusively breastfed until 6+ months,2024,Māori girls vs non-Māori girls,0.42,0.1,1.69,Age
children,Exclusively breastfed until 6+ months,2024,Pacific vs non-Pacific,0.79,0.2,3.02,"Age, gender"
children,Exclusively breastfed until 6+ months,2024,Pacific girls vs non-Pacific girls,1.43,0.35,5.92,Age
children,Exclusively breastfed until 6+ months,2024,Asian vs non-Asian,0.77,0.37,1.61,"Age, gender"
children,Exclusively breastfed until 6+ months,2024,Asian boys vs non-Asian boys,0.59,0.21,1.62,Age
children,Exclusively breastfed until 6+ months,2024,Asian girls vs non-Asian girls,0.97,0.36,2.6,Age
children,Exclusively breastfed until 6+ months,2024,Most deprived vs least deprived,1.0,0.32,3.16,"Age, gender, ethnic group"
children,Exclusively breastfed until 6+ months,2024,Most deprived vs least deprived - boys,0.65,0.11,3.72,"Age, ethnic group"
children,Exclusively breastfed until 6+ months,2024,Most deprived vs least deprived - girls,1.31,0.25,6.77,"Age, ethnic group"
children,Exclusively breastfed until 4+ months,2024,Boys vs girls,0.85,0.73,0.99,Age
children,Exclusively breastfed until 4+ months,2024,Māori vs non-Māori,0.89,0.75,1.04,"Age, gender"
children,Exclusively breastfed until 4+ months,2024,Māori boys vs non-Māori boys,0.89,0.71,1.11,Age
children,Exclusively breastfed until 4+ months,2024,Māori girls vs non-Māori girls,0.88,0.7,1.12,Age
children,Exclusively breastfed until 4+ months,2024,Pacific vs non-Pacific,0.71,0.54,0.94,"Age, gender"
children,Exclusively breastfed until 4+ months,2024,Pacific boys vs non-Pacific boys,0.58,0.36,0.92,Age
children,Exclusively breastfed until 4+ months,2024,Pacific girls vs non-Pacific girls,0.84,0.62,1.12,Age
children,Exclusively breastfed until 4+ months,2024,Asian vs non-Asian,1.2,1.03,1.41,"Age, gender"
children,Exclusively breastfed until 4+ months,2024,Asian boys vs non-Asian boys,1.24,0.98,1.57,Age
children,Exclusively breastfed until 4+ months,2024,Asian girls vs non-Asian girls,1.17,0.95,1.45,Age
children,Exclusively breastfed until 4+ months,2024,Most deprived vs least deprived,0.6,0.44,0.81,"Age, gender, ethnic group"
children,Exclusively breastfed until 4+ months,2024,Most deprived vs least deprived - boys,0.7,0.46,1.08,"Age, ethnic group"
children,Exclusively breastfed until 4+ months,2024,Most deprived vs least deprived - girls,0.51,0.34,0.76,"Age, ethnic group"
children,Solid food before 4 months,2024,Boys vs girls,0.82,0.4,1.68,Age
children,Solid food before 4 months,2024,Māori vs non-Māori,1.52,0.65,3.55,"Age, gender"
children,Solid food before 4 months,2024,Māori boys vs non-Māori boys,2.01,0.62,6.52,Age
children,Solid food before 4 months,2024,Māori girls vs non-Māori girls,1.18,0.4,3.47,Age
children,Solid food before 4 months,2024,Pacific vs non-Pacific,5.05,2.13,11.95,"Age, gender"
children,Solid food before 4 months,2024,Pacific boys vs non-Pacific boys,7.5,2.6,21.65,Age
children,Solid food before 4 months,2024,Pacific girls vs non-Pacific girls,3.59,1.07,12.04,Age
children,Solid food before 4 months,2024,Asian vs non-Asian,0.33,0.05,2.12,"Age, gender"
children,Solid food before 4 months,2024,Most deprived vs least deprived,1.21,0.27,5.44,"Age, gender, ethnic group"
children,Solid food before 4 months,2024,Most deprived vs least deprived - girls,0.61,0.1,3.59,"Age, ethnic group"
children,Solid food before 6 months,2024,Boys vs girls,1.21,0.88,1.65,Age
children,Solid food before 6 months,2024,Māori vs non-Māori,1.36,1.06,1.75,"Age, gender"
children,Solid food before 6 months,2024,Māori boys vs non-Māori boys,1.37,0.98,1.91,Age
children,Solid food before 6 months,2024,Māori girls vs non-Māori girls,1.36,0.92,2.0,Age
children,Solid food before 6 months,2024,Pacific vs non-Pacific,1.38,1.01,1.9,"Age, gender"
children,Solid food before 6 months,2024,Pacific boys vs non-Pacific boys,1.65,1.14,2.4,Age
children,Solid food before 6 months,2024,Pacific girls vs non-Pacific girls,1.11,0.67,1.85,Age
children,Solid food before 6 months,2024,Asian vs non-Asian,0.63,0.44,0.92,"Age, gender"
children,Solid food before 6 months,2024,Asian boys vs non-Asian boys,0.54,0.3,0.96,Age
children,Solid food before 6 months,2024,Asian girls vs non-Asian girls,0.79,0.45,1.38,Age
children,Solid food before 6 months,2024,Most deprived vs least deprived,1.64,0.96,2.82,"Age, gender, ethnic group"
children,Solid food before 6 months,2024,Most deprived vs least deprived - boys,1.71,0.83,3.55,"Age, ethnic group"
children,Solid food before 6 months,2024,Most deprived vs least deprived - girls,1.63,0.68,3.88,"Age, ethnic group"
adults,"Good, very good, or excellent self-rated health",2024,Men vs women,1.0,0.98,1.02,Age
adults,"Good, very good, or excellent self-rated health",2024,Māori vs non-Māori,0.89,0.86,0.92,"Age, gender"
adults,"Good, very good, or excellent self-rated health",2024,Māori men vs non-Māori men,0.88,0.84,0.93,Age
adults,"Good, very good, or excellent self-rated health",2024,Māori women vs non-Māori women,0.89,0.86,0.93,Age
adults,"Good, very good, or excellent self-rated health",2024,Pacific vs non-Pacific,0.91,0.86,0.96,"Age, gender"
adults,"Good, very good, or excellent self-rated health",2024,Pacific men vs non-Pacific men,0.93,0.86,1.01,Age
adults,"Good, very good, or excellent self-rated health",2024,Pacific women vs non-Pacific women,0.89,0.83,0.95,Age
adults,"Good, very good, or excellent self-rated health",2024,Asian vs non-Asian,1.06,1.03,1.09,"Age, gender"
adults,"Good, very good, or excellent self-rated health",2024,Asian men vs non-Asian men,1.09,1.05,1.12,Age
adults,"Good, very good, or excellent self-rated health",2024,Asian women vs non-Asian women,1.04,1.0,1.07,Age
adults,"Good, very good, or excellent self-rated health",2024,Most deprived vs least deprived,0.86,0.83,0.9,"Age, gender, ethnic group"
adults,"Good, very good, or excellent self-rated health",2024,Most deprived vs least deprived - men,0.86,0.8,0.91,"Age, ethnic group"
adults,"Good, very good, or excellent self-rated health",2024,Most deprived vs least deprived - women,0.87,0.83,0.92,"Age, ethnic group"
adults,"Good, very good, or excellent self-rated health",2024,Disabled adults vs non-disabled adults,0.67,0.63,0.72,"Age, gender"
adults,Poor or fair self-rated health,2024,Men vs women,0.98,0.87,1.11,Age
adults,Poor or fair self-rated health,2024,Māori vs non-Māori,1.8,1.54,2.11,"Age, gender"
adults,Poor or fair self-rated health,2024,Māori men vs non-Māori men,1.87,1.47,2.37,Age
adults,Poor or fair self-rated health,2024,Māori women vs non-Māori women,1.77,1.48,2.12,Age
adults,Poor or fair self-rated health,2024,Pacific vs non-Pacific,1.62,1.32,1.98,"Age, gender"
adults,Poor or fair self-rated health,2024,Pacific men vs non-Pacific men,1.45,1.03,2.05,Age
adults,Poor or fair self-rated health,2024,Pacific women vs non-Pacific women,1.77,1.41,2.23,Age
adults,Poor or fair self-rated health,2024,Asian vs non-Asian,0.65,0.52,0.81,"Age, gender"
adults,Poor or fair self-rated health,2024,Asian men vs non-Asian men,0.5,0.34,0.74,Age
adults,Poor or fair self-rated health,2024,Asian women vs non-Asian women,0.78,0.6,1.01,Age
adults,Poor or fair self-rated health,2024,Most deprived vs least deprived,2.6,1.95,3.47,"Age, gender, ethnic group"
adults,Poor or fair self-rated health,2024,Most deprived vs least deprived - men,2.79,1.82,4.26,"Age, ethnic group"
adults,Poor or fair self-rated health,2024,Most deprived vs least deprived - women,2.39,1.74,3.28,"Age, ethnic group"
adults,Poor or fair self-rated health,2024,Disabled adults vs non-disabled adults,3.66,3.24,4.13,"Age, gender"
adults,Self-rated health - excellent,2024,Men vs women,1.09,0.94,1.27,Age
adults,Self-rated health - excellent,2024,Māori vs non-Māori,0.55,0.44,0.69,"Age, gender"
adults,Self-rated health - excellent,2024,Māori men vs non-Māori men,0.46,0.32,0.66,Age
adults,Self-rated health - excellent,2024,Māori women vs non-Māori women,0.66,0.49,0.89,Age
adults,Self-rated health - excellent,2024,Pacific vs non-Pacific,0.78,0.55,1.11,"Age, gender"
adults,Self-rated health - excellent,2024,Pacific men vs non-Pacific men,0.86,0.48,1.55,Age
adults,Self-rated health - excellent,2024,Pacific women vs non-Pacific women,0.69,0.45,1.07,Age
adults,Self-rated health - excellent,2024,Asian vs non-Asian,1.27,1.02,1.59,"Age, gender"
adults,Self-rated health - excellent,2024,Asian men vs non-Asian men,1.75,1.32,2.31,Age
adults,Self-rated health - excellent,2024,Asian women vs non-Asian women,0.8,0.6,1.07,Age
adults,Self-rated health - excellent,2024,Most deprived vs least deprived,0.72,0.53,0.99,"Age, gender, ethnic group"
adults,Self-rated health - excellent,2024,Most deprived vs least deprived - men,0.64,0.43,0.96,"Age, ethnic group"
adults,Self-rated health - excellent,2024,Most deprived vs least deprived - women,0.82,0.53,1.27,"Age, ethnic group"
adults,Self-rated health - excellent,2024,Disabled adults vs non-disabled adults,0.3,0.16,0.56,"Age, gender"
adults,Self-rated health - very good,2024,Men vs women,1.01,0.95,1.08,Age
adults,Self-rated health - very good,2024,Māori vs non-Māori,0.79,0.73,0.87,"Age, gender"
adults,Self-rated health - very good,2024,Māori men vs non-Māori men,0.78,0.68,0.88,Age
adults,Self-rated health - very good,2024,Māori women vs non-Māori women,0.81,0.72,0.91,Age
adults,Self-rated health - very good,2024,Pacific vs non-Pacific,0.64,0.55,0.74,"Age, gender"
adults,Self-rated health - very good,2024,Pacific men vs non-Pacific men,0.54,0.41,0.72,Age
adults,Self-rated health - very good,2024,Pacific women vs non-Pacific women,0.71,0.6,0.85,Age
adults,Self-rated health - very good,2024,Asian vs non-Asian,1.03,0.92,1.15,"Age, gender"
adults,Self-rated health - very good,2024,Asian men vs non-Asian men,1.01,0.88,1.17,Age
adults,Self-rated health - very good,2024,Asian women vs non-Asian women,1.05,0.92,1.2,Age
adults,Self-rated health - very good,2024,Most deprived vs least deprived,0.73,0.64,0.84,"Age, gender, ethnic group"
adults,Self-rated health - very good,2024,Most deprived vs least deprived - men,0.81,0.67,0.99,"Age, ethnic group"
adults,Self-rated health - very good,2024,Most deprived vs least deprived - women,0.66,0.55,0.8,"Age, ethnic group"
adults,Self-rated health - very good,2024,Disabled adults vs non-disabled adults,0.44,0.37,0.52,"Age, gender"
adults,Self-rated health - good,2024,Men vs women,0.97,0.89,1.04,Age
adults,Self-rated health - good,2024,Māori vs non-Māori,1.15,1.05,1.26,"Age, gender"
adults,Self-rated health - good,2024,Māori men vs non-Māori men,1.23,1.06,1.41,Age
adults,Self-rated health - good,2024,Māori women vs non-Māori women,1.07,0.97,1.19,Age
adults,Self-rated health - good,2024,Pacific vs non-Pacific,1.3,1.16,1.46,"Age, gender"
adults,Self-rated health - good,2024,Pacific men vs non-Pacific men,1.49,1.24,1.8,Age
adults,Self-rated health - good,2024,Pacific women vs non-Pacific women,1.16,1.01,1.33,Age
adults,Self-rated health - good,2024,Asian vs non-Asian,1.02,0.91,1.15,"Age, gender"
adults,Self-rated health - good,2024,Asian men vs non-Asian men,0.95,0.79,1.14,Age
adults,Self-rated health - good,2024,Asian women vs non-Asian women,1.1,0.95,1.27,Age
adults,Self-rated health - good,2024,Most deprived vs least deprived,1.11,0.97,1.26,"Age, gender, ethnic group"
adults,Self-rated health - good,2024,Most deprived vs least deprived - men,1.01,0.84,1.22,"Age, ethnic group"
adults,Self-rated health - good,2024,Most deprived vs least deprived - women,1.22,1.0,1.48,"Age, ethnic group"
adults,Self-rated health - good,2024,Disabled adults vs non-disabled adults,1.11,0.99,1.25,"Age, gender"
adults,Self-rated health - fair,2024,Men vs women,1.01,0.88,1.17,Age
adults,Self-rated health - fair,2024,Māori vs non-Māori,1.67,1.41,1.98,"Age, gender"
adults,Self-rated health - fair,2024,Māori men vs non-Māori men,1.74,1.34,2.28,Age
adults,Self-rated health - fair,2024,Māori women vs non-Māori women,1.63,1.34,1.97,Age
adults,Self-rated health - fair,2024,Pacific vs non-Pacific,1.58,1.24,2.01,"Age, gender"
adults,Self-rated health - fair,2024,Pacific men vs non-Pacific men,1.46,1.0,2.14,Age
adults,Self-rated health - fair,2024,Pacific women vs non-Pacific women,1.7,1.26,2.29,Age
adults,Self-rated health - fair,2024,Asian vs non-Asian,0.66,0.52,0.85,"Age, gender"
adults,Self-rated health - fair,2024,Asian men vs non-Asian men,0.55,0.36,0.82,Age
adults,Self-rated health - fair,2024,Asian women vs non-Asian women,0.77,0.57,1.03,Age
adults,Self-rated health - fair,2024,Most deprived vs least deprived,2.12,1.58,2.84,"Age, gender, ethnic group"
adults,Self-rated health - fair,2024,Most deprived vs least deprived - men,2.16,1.36,3.41,"Age, ethnic group"
adults,Self-rated health - fair,2024,Most deprived vs least deprived - women,2.02,1.45,2.83,"Age, ethnic group"
adults,Self-rated health - fair,2024,Disabled adults vs non-disabled adults,2.94,2.52,3.43,"Age, gender"
adults,Self-rated health - poor,2024,Men vs women,0.82,0.6,1.12,Age
adults,Self-rated health - poor,2024,Māori vs non-Māori,2.68,1.89,3.82,"Age, gender"
adults,Self-rated health - poor,2024,Māori men vs non-Māori men,2.76,1.65,4.61,Age
adults,Self-rated health - poor,2024,Māori women vs non-Māori women,2.63,1.66,4.18,Age
adults,Self-rated health - poor,2024,Pacific vs non-Pacific,1.88,1.23,2.88,"Age, gender"
adults,Self-rated health - poor,2024,Pacific men vs non-Pacific men,1.41,0.56,3.57,Age
adults,Self-rated health - poor,2024,Pacific women vs non-Pacific women,2.19,1.39,3.44,Age
adults,Self-rated health - poor,2024,Asian vs non-Asian,0.55,0.25,1.21,"Age, gender"
adults,Self-rated health - poor,2024,Asian men vs non-Asian men,0.24,0.06,0.95,Age
adults,Self-rated health - poor,2024,Asian women vs non-Asian women,0.85,0.31,2.34,Age
adults,Self-rated health - poor,2024,Most deprived vs least deprived,8.83,4.76,16.36,"Age, gender, ethnic group"
adults,Self-rated health - poor,2024,Most deprived vs least deprived - men,15.79,5.38,46.31,"Age, ethnic group"
adults,Self-rated health - poor,2024,Most deprived vs least deprived - women,5.58,2.72,11.44,"Age, ethnic group"
adults,Self-rated health - poor,2024,Disabled adults vs non-disabled adults,9.96,7.26,13.66,"Age, gender"
adults,Family wellbeing - high or very high,2024,Men vs women,1.02,1.0,1.05,Age
adults,Family wellbeing - high or very high,2024,Māori vs non-Māori,0.91,0.88,0.95,"Age, gender"
adults,Family wellbeing - high or very high,2024,Māori men vs non-Māori men,0.9,0.85,0.95,Age
adults,Family wellbeing - high or very high,2024,Māori women vs non-Māori women,0.93,0.89,0.98,Age
adults,Family wellbeing - high or very high,2024,Pacific vs non-Pacific,0.98,0.95,1.03,"Age, gender"
adults,Family wellbeing - high or very high,2024,Pacific men vs non-Pacific men,1.03,0.96,1.09,Age
adults,Family wellbeing - high or very high,2024,Pacific women vs non-Pacific women,0.95,0.89,1.02,Age
adults,Family wellbeing - high or very high,2024,Asian vs non-Asian,1.08,1.05,1.11,"Age, gender"
adults,Family wellbeing - high or very high,2024,Asian men vs non-Asian men,1.07,1.02,1.11,Age
adults,Family wellbeing - high or very high,2024,Asian women vs non-Asian women,1.09,1.05,1.13,Age
adults,Family wellbeing - high or very high,2024,Most deprived vs least deprived,0.89,0.84,0.94,"Age, gender, ethnic group"
adults,Family wellbeing - high or very high,2024,Most deprived vs least deprived - men,0.87,0.81,0.94,"Age, ethnic group"
adults,Family wellbeing - high or very high,2024,Most deprived vs least deprived - women,0.9,0.84,0.96,"Age, ethnic group"
adults,Family wellbeing - high or very high,2024,Disabled adults vs non-disabled adults,0.83,0.78,0.88,"Age, gender"
adults,Family wellbeing - very high,2024,Men vs women,0.99,0.92,1.07,Age
adults,Family wellbeing - very high,2024,Māori vs non-Māori,0.81,0.74,0.89,"Age, gender"
adults,Family wellbeing - very high,2024,Māori men vs non-Māori men,0.66,0.54,0.81,Age
adults,Family wellbeing - very high,2024,Māori women vs non-Māori women,0.96,0.87,1.07,Age
adults,Family wellbeing - very high,2024,Pacific vs non-Pacific,1.07,0.92,1.24,"Age, gender"
adults,Family wellbeing - very high,2024,Pacific men vs non-Pacific men,1.24,1.0,1.54,Age
adults,Family wellbeing - very high,2024,Pacific women vs non-Pacific women,0.93,0.77,1.12,Age
adults,Family wellbeing - very high,2024,Asian vs non-Asian,1.32,1.21,1.45,"Age, gender"
adults,Family wellbeing - very high,2024,Asian men vs non-Asian men,1.48,1.3,1.69,Age
adults,Family wellbeing - very high,2024,Asian women vs non-Asian women,1.17,1.04,1.32,Age
adults,Family wellbeing - very high,2024,Most deprived vs least deprived,0.95,0.8,1.13,"Age, gender, ethnic group"
adults,Family wellbeing - very high,2024,Most deprived vs least deprived - men,0.93,0.74,1.18,"Age, ethnic group"
adults,Family wellbeing - very high,2024,Most deprived vs least deprived - women,0.97,0.79,1.18,"Age, ethnic group"
adults,Family wellbeing - very high,2024,Disabled adults vs non-disabled adults,0.8,0.68,0.93,"Age, gender"
adults,Family wellbeing - high,2024,Men vs women,1.04,0.99,1.1,Age
adults,Family wellbeing - high,2024,Māori vs non-Māori,0.98,0.9,1.06,"Age, gender"
adults,Family wellbeing - high,2024,Māori men vs non-Māori men,1.05,0.94,1.18,Age
adults,Family wellbeing - high,2024,Māori women vs non-Māori women,0.91,0.83,1.0,Age
adults,Family wellbeing - high,2024,Pacific vs non-Pacific,0.93,0.83,1.04,"Age, gender"
adults,Family wellbeing - high,2024,Pacific men vs non-Pacific men,0.9,0.75,1.07,Age
adults,Family wellbeing - high,2024,Pacific women vs non-Pacific women,0.96,0.84,1.1,Age
adults,Family wellbeing - high,2024,Asian vs non-Asian,0.93,0.86,1.0,"Age, gender"
adults,Family wellbeing - high,2024,Asian men vs non-Asian men,0.84,0.74,0.95,Age
adults,Family wellbeing - high,2024,Asian women vs non-Asian women,1.04,0.95,1.15,Age
adults,Family wellbeing - high,2024,Most deprived vs least deprived,0.85,0.76,0.95,"Age, gender, ethnic group"
adults,Family wellbeing - high,2024,Most deprived vs least deprived - men,0.84,0.72,0.98,"Age, ethnic group"
adults,Family wellbeing - high,2024,Most deprived vs least deprived - women,0.85,0.75,0.97,"Age, ethnic group"
adults,Family wellbeing - high,2024,Disabled adults vs non-disabled adults,0.86,0.78,0.95,"Age, gender"
adults,Family wellbeing - medium,2024,Men vs women,0.95,0.83,1.09,Age
adults,Family wellbeing - medium,2024,Māori vs non-Māori,1.39,1.16,1.66,"Age, gender"
adults,Family wellbeing - medium,2024,Māori men vs non-Māori men,1.56,1.2,2.02,Age
adults,Family wellbeing - medium,2024,Māori women vs non-Māori women,1.22,0.99,1.52,Age
adults,Family wellbeing - medium,2024,Pacific vs non-Pacific,1.12,0.9,1.39,"Age, gender"
adults,Family wellbeing - medium,2024,Pacific men vs non-Pacific men,0.91,0.59,1.42,Age
adults,Family wellbeing - medium,2024,Pacific women vs non-Pacific women,1.29,0.96,1.73,Age
adults,Family wellbeing - medium,2024,Asian vs non-Asian,0.67,0.55,0.82,"Age, gender"
adults,Family wellbeing - medium,2024,Asian men vs non-Asian men,0.62,0.44,0.88,Age
adults,Family wellbeing - medium,2024,Asian women vs non-Asian women,0.7,0.55,0.91,Age
adults,Family wellbeing - medium,2024,Most deprived vs least deprived,1.68,1.22,2.3,"Age, gender, ethnic group"
adults,Family wellbeing - medium,2024,Most deprived vs least deprived - men,1.96,1.25,3.06,"Age, ethnic group"
adults,Family wellbeing - medium,2024,Most deprived vs least deprived - women,1.52,1.06,2.17,"Age, ethnic group"
adults,Family wellbeing - medium,2024,Disabled adults vs non-disabled adults,1.72,1.43,2.08,"Age, gender"
adults,Family wellbeing - low,2024,Men vs women,0.66,0.48,0.9,Age
adults,Family wellbeing - low,2024,Māori vs non-Māori,1.89,1.38,2.59,"Age, gender"
adults,Family wellbeing - low,2024,Māori men vs non-Māori men,1.87,1.05,3.35,Age
adults,Family wellbeing - low,2024,Māori women vs non-Māori women,1.9,1.37,2.63,Age
adults,Family wellbeing - low,2024,Pacific vs non-Pacific,0.88,0.56,1.38,"Age, gender"
adults,Family wellbeing - low,2024,Pacific men vs non-Pacific men,0.56,0.2,1.54,Age
adults,Family wellbeing - low,2024,Pacific women vs non-Pacific women,1.07,0.64,1.79,Age
adults,Family wellbeing - low,2024,Asian vs non-Asian,0.54,0.29,1.01,"Age, gender"
adults,Family wellbeing - low,2024,Asian men vs non-Asian men,1.05,0.44,2.53,Age
adults,Family wellbeing - low,2024,Asian women vs non-Asian women,0.23,0.1,0.53,Age
adults,Family wellbeing - low,2024,Most deprived vs least deprived,2.58,1.3,5.13,"Age, gender, ethnic group"
adults,Family wellbeing - low,2024,Most deprived vs least deprived - men,2.54,0.89,7.28,"Age, ethnic group"
adults,Family wellbeing - low,2024,Most deprived vs least deprived - women,2.39,0.99,5.76,"Age, ethnic group"
adults,Family wellbeing - low,2024,Disabled adults vs non-disabled adults,3.09,2.34,4.08,"Age, gender"
adults,Mean family wellbeing rating,2024,Men vs women,1.01,1.0,1.02,Age
adults,Mean family wellbeing rating,2024,Māori vs non-Māori,0.96,0.95,0.97,"Age, gender"
adults,Mean family wellbeing rating,2024,Māori men vs non-Māori men,0.94,0.93,0.96,Age
adults,Mean family wellbeing rating,2024,Māori women vs non-Māori women,0.97,0.96,0.99,Age
adults,Mean family wellbeing rating,2024,Pacific vs non-Pacific,1.01,0.99,1.03,"Age, gender"
adults,Mean family wellbeing rating,2024,Pacific men vs non-Pacific men,1.03,1.0,1.07,Age
adults,Mean family wellbeing rating,2024,Pacific women vs non-Pacific women,0.99,0.96,1.02,Age
adults,Mean family wellbeing rating,2024,Asian vs non-Asian,1.05,1.04,1.07,"Age, gender"
adults,Mean family wellbeing rating,2024,Asian men vs non-Asian men,1.05,1.03,1.07,Age
adults,Mean family wellbeing rating,2024,Asian women vs non-Asian women,1.05,1.03,1.07,Age
adults,Mean family wellbeing rating,2024,Most deprived vs least deprived,0.96,0.94,0.99,"Age, gender, ethnic group"
adults,Mean family wellbeing rating,2024,Most deprived vs least deprived - men,0.96,0.93,0.99,"Age, ethnic group"
adults,Mean family wellbeing rating,2024,Most deprived vs least deprived - women,0.97,0.94,1.0,"Age, ethnic group"
adults,Mean family wellbeing rating,2024,Disabled adults vs non-disabled adults,0.93,0.91,0.95,"Age, gender"
adults,Life satisfaction - high or very high,2024,Men vs women,1.02,0.99,1.05,Age
adults,Life satisfaction - high or very high,2024,Māori vs non-Māori,0.91,0.87,0.95,"Age, gender"
adults,Life satisfaction - high or very high,2024,Māori men vs non-Māori men,0.9,0.84,0.95,Age
adults,Life satisfaction - high or very high,2024,Māori women vs non-Māori women,0.92,0.88,0.96,Age
adults,Life satisfaction - high or very high,2024,Pacific vs non-Pacific,0.93,0.87,0.99,"Age, gender"
adults,Life satisfaction - high or very high,2024,Pacific men vs non-Pacific men,0.97,0.9,1.05,Age
adults,Life satisfaction - high or very high,2024,Pacific women vs non-Pacific women,0.89,0.81,0.98,Age
adults,Life satisfaction - high or very high,2024,Asian vs non-Asian,1.03,1.0,1.07,"Age, gender"
adults,Life satisfaction - high or very high,2024,Asian men vs non-Asian men,1.02,0.98,1.07,Age
adults,Life satisfaction - high or very high,2024,Asian women vs non-Asian women,1.04,0.99,1.09,Age
adults,Life satisfaction - high or very high,2024,Most deprived vs least deprived,0.84,0.79,0.88,"Age, gender, ethnic group"
adults,Life satisfaction - high or very high,2024,Most deprived vs least deprived - men,0.81,0.75,0.89,"Age, ethnic group"
adults,Life satisfaction - high or very high,2024,Most deprived vs least deprived - women,0.86,0.81,0.91,"Age, ethnic group"
adults,Life satisfaction - high or very high,2024,Disabled adults vs non-disabled adults,0.71,0.66,0.77,"Age, gender"
adults,Life satisfaction - very high,2024,Men vs women,1.02,0.95,1.1,Age
adults,Life satisfaction - very high,2024,Māori vs non-Māori,0.85,0.77,0.93,"Age, gender"
adults,Life satisfaction - very high,2024,Māori men vs non-Māori men,0.86,0.74,0.99,Age
adults,Life satisfaction - very high,2024,Māori women vs non-Māori women,0.84,0.73,0.97,Age
adults,Life satisfaction - very high,2024,Pacific vs non-Pacific,0.99,0.84,1.16,"Age, gender"
adults,Life satisfaction - very high,2024,Pacific men vs non-Pacific men,1.15,0.93,1.43,Age
adults,Life satisfaction - very high,2024,Pacific women vs non-Pacific women,0.85,0.68,1.06,Age
adults,Life satisfaction - very high,2024,Asian vs non-Asian,1.26,1.14,1.4,"Age, gender"
adults,Life satisfaction - very high,2024,Asian men vs non-Asian men,1.38,1.2,1.58,Age
adults,Life satisfaction - very high,2024,Asian women vs non-Asian women,1.15,1.01,1.3,Age
adults,Life satisfaction - very high,2024,Most deprived vs least deprived,0.74,0.63,0.86,"Age, gender, ethnic group"
adults,Life satisfaction - very high,2024,Most deprived vs least deprived - men,0.75,0.6,0.92,"Age, ethnic group"
adults,Life satisfaction - very high,2024,Most deprived vs least deprived - women,0.73,0.61,0.88,"Age, ethnic group"
adults,Life satisfaction - very high,2024,Disabled adults vs non-disabled adults,0.63,0.53,0.75,"Age, gender"
adults,Life satisfaction - high,2024,Men vs women,1.02,0.96,1.07,Age
adults,Life satisfaction - high,2024,Māori vs non-Māori,0.95,0.87,1.03,"Age, gender"
adults,Life satisfaction - high,2024,Māori men vs non-Māori men,0.92,0.81,1.04,Age
adults,Life satisfaction - high,2024,Māori women vs non-Māori women,0.98,0.89,1.07,Age
adults,Life satisfaction - high,2024,Pacific vs non-Pacific,0.88,0.79,0.99,"Age, gender"
adults,Life satisfaction - high,2024,Pacific men vs non-Pacific men,0.85,0.71,1.02,Age
adults,Life satisfaction - high,2024,Pacific women vs non-Pacific women,0.91,0.79,1.05,Age
adults,Life satisfaction - high,2024,Asian vs non-Asian,0.89,0.81,0.97,"Age, gender"
adults,Life satisfaction - high,2024,Asian men vs non-Asian men,0.81,0.71,0.93,Age
adults,Life satisfaction - high,2024,Asian women vs non-Asian women,0.97,0.86,1.09,Age
adults,Life satisfaction - high,2024,Most deprived vs least deprived,0.92,0.82,1.03,"Age, gender, ethnic group"
adults,Life satisfaction - high,2024,Most deprived vs least deprived - men,0.87,0.74,1.02,"Age, ethnic group"
adults,Life satisfaction - high,2024,Most deprived vs least deprived - women,0.96,0.84,1.1,"Age, ethnic group"
adults,Life satisfaction - high,2024,Disabled adults vs non-disabled adults,0.81,0.73,0.9,"Age, gender"
adults,Life satisfaction - moderate,2024,Men vs women,0.89,0.76,1.04,Age
adults,Life satisfaction - moderate,2024,Māori vs non-Māori,1.4,1.19,1.66,"Age, gender"
adults,Life satisfaction - moderate,2024,Māori men vs non-Māori men,1.48,1.14,1.91,Age
adults,Life satisfaction - moderate,2024,Māori women vs non-Māori women,1.33,1.09,1.61,Age
adults,Life satisfaction - moderate,2024,Pacific vs non-Pacific,1.42,1.14,1.78,"Age, gender"
adults,Life satisfaction - moderate,2024,Pacific men vs non-Pacific men,1.22,0.82,1.8,Age
adults,Life satisfaction - moderate,2024,Pacific women vs non-Pacific women,1.59,1.2,2.1,Age
adults,Life satisfaction - moderate,2024,Asian vs non-Asian,0.98,0.79,1.23,"Age, gender"
adults,Life satisfaction - moderate,2024,Asian men vs non-Asian men,1.03,0.76,1.39,Age
adults,Life satisfaction - moderate,2024,Asian women vs non-Asian women,0.94,0.69,1.27,Age
adults,Life satisfaction - moderate,2024,Most deprived vs least deprived,2.37,1.78,3.16,"Age, gender, ethnic group"
adults,Life satisfaction - moderate,2024,Most deprived vs least deprived - men,3.0,1.88,4.79,"Age, ethnic group"
adults,Life satisfaction - moderate,2024,Most deprived vs least deprived - women,1.9,1.37,2.63,"Age, ethnic group"
adults,Life satisfaction - moderate,2024,Disabled adults vs non-disabled adults,2.36,2.0,2.79,"Age, gender"
adults,Life satisfaction - low,2024,Men vs women,0.98,0.76,1.26,Age
adults,Life satisfaction - low,2024,Māori vs non-Māori,1.88,1.38,2.55,"Age, gender"
adults,Life satisfaction - low,2024,Māori men vs non-Māori men,2.15,1.31,3.53,Age
adults,Life satisfaction - low,2024,Māori women vs non-Māori women,1.68,1.11,2.53,Age
adults,Life satisfaction - low,2024,Pacific vs non-Pacific,1.16,0.55,2.48,"Age, gender"
adults,Life satisfaction - low,2024,Pacific men vs non-Pacific men,0.9,0.27,2.96,Age
adults,Life satisfaction - low,2024,Pacific women vs non-Pacific women,1.42,0.48,4.19,Age
adults,Life satisfaction - low,2024,Asian vs non-Asian,0.42,0.24,0.72,"Age, gender"
adults,Life satisfaction - low,2024,Asian men vs non-Asian men,0.43,0.16,1.11,Age
adults,Life satisfaction - low,2024,Asian women vs non-Asian women,0.42,0.21,0.82,Age
adults,Life satisfaction - low,2024,Most deprived vs least deprived,2.65,1.47,4.79,"Age, gender, ethnic group"
adults,Life satisfaction - low,2024,Most deprived vs least deprived - men,2.9,1.15,7.34,"Age, ethnic group"
adults,Life satisfaction - low,2024,Most deprived vs least deprived - women,3.01,1.37,6.63,"Age, ethnic group"
adults,Life satisfaction - low,2024,Disabled adults vs non-disabled adults,4.14,3.19,5.38,"Age, gender"
adults,Mean life satisfaction rating,2024,Men vs women,1.0,0.99,1.02,Age
adults,Mean life satisfaction rating,2024,Māori vs non-Māori,0.96,0.94,0.97,"Age, gender"
adults,Mean life satisfaction rating,2024,Māori men vs non-Māori men,0.95,0.92,0.97,Age
adults,Mean life satisfaction rating,2024,Māori women vs non-Māori women,0.96,0.94,0.98,Age
adults,Mean life satisfaction rating,2024,Pacific vs non-Pacific,0.98,0.95,1.01,"Age, gender"
adults,Mean life satisfaction rating,2024,Pacific men vs non-Pacific men,1.0,0.96,1.05,Age
adults,Mean life satisfaction rating,2024,Pacific women vs non-Pacific women,0.96,0.92,1.01,Age
adults,Mean life satisfaction rating,2024,Asian vs non-Asian,1.04,1.02,1.05,"Age, gender"
adults,Mean life satisfaction rating,2024,Asian men vs non-Asian men,1.05,1.03,1.07,Age
adults,Mean life satisfaction rating,2024,Asian women vs non-Asian women,1.03,1.01,1.05,Age
adults,Mean life satisfaction rating,2024,Most deprived vs least deprived,0.93,0.91,0.95,"Age, gender, ethnic group"
adults,Mean life satisfaction rating,2024,Most deprived vs least deprived - men,0.93,0.89,0.96,"Age, ethnic group"
adults,Mean life satisfaction rating,2024,Most deprived vs least deprived - women,0.93,0.91,0.96,"Age, ethnic group"
adults,Mean life satisfaction rating,2024,Disabled adults vs non-disabled adults,0.87,0.85,0.9,"Age, gender"
adults,"Excellent, very good or good self-rated oral health",2024,Men vs women,0.95,0.93,0.98,Age
adults,"Excellent, very good or good self-rated oral health",2024,Māori vs non-Māori,0.78,0.74,0.82,"Age, gender"
adults,"Excellent, very good or good self-rated oral health",2024,Māori men vs non-Māori men,0.75,0.69,0.82,Age
adults,"Excellent, very good or good self-rated oral health",2024,Māori women vs non-Māori women,0.8,0.76,0.85,Age
adults,"Excellent, very good or good self-rated oral health",2024,Pacific vs non-Pacific,0.87,0.82,0.92,"Age, gender"
adults,"Excellent, very good or good self-rated oral health",2024,Pacific men vs non-Pacific men,0.9,0.8,1.0,Age
adults,"Excellent, very good or good self-rated oral health",2024,Pacific women vs non-Pacific women,0.85,0.78,0.93,Age
adults,"Excellent, very good or good self-rated oral health",2024,Asian vs non-Asian,1.08,1.04,1.13,"Age, gender"
adults,"Excellent, very good or good self-rated oral health",2024,Asian men vs non-Asian men,1.16,1.09,1.22,Age
adults,"Excellent, very good or good self-rated oral health",2024,Asian women vs non-Asian women,1.01,0.95,1.07,Age
adults,"Excellent, very good or good self-rated oral health",2024,Most deprived vs least deprived,0.83,0.78,0.87,"Age, gender, ethnic group"
adults,"Excellent, very good or good self-rated oral health",2024,Most deprived vs least deprived - men,0.82,0.75,0.89,"Age, ethnic group"
adults,"Excellent, very good or good self-rated oral health",2024,Most deprived vs least deprived - women,0.84,0.79,0.9,"Age, ethnic group"
adults,"Excellent, very good or good self-rated oral health",2024,Disabled adults vs non-disabled adults,0.79,0.74,0.84,"Age, gender"
adults,Teeth removed due to decay in past 12 months,2024,Men vs women,1.32,1.09,1.59,Age
adults,Teeth removed due to decay in past 12 months,2024,Māori vs non-Māori,1.42,1.15,1.76,"Age, gender"
adults,Teeth removed due to decay in past 12 months,2024,Māori men vs non-Māori men,1.21,0.85,1.73,Age
adults,Teeth removed due to decay in past 12 months,2024,Māori women vs non-Māori women,1.68,1.31,2.16,Age
adults,Teeth removed due to decay in past 12 months,2024,Pacific vs non-Pacific,1.7,1.3,2.23,"Age, gender"
adults,Teeth removed due to decay in past 12 months,2024,Pacific men vs non-Pacific men,0.95,0.53,1.71,Age
adults,Teeth removed due to decay in past 12 months,2024,Pacific women vs non-Pacific women,2.56,1.9,3.44,Age
adults,Teeth removed due to decay in past 12 months,2024,Asian vs non-Asian,1.07,0.82,1.41,"Age, gender"
adults,Teeth removed due to decay in past 12 months,2024,Asian men vs non-Asian men,1.23,0.79,1.92,Age
adults,Teeth removed due to decay in past 12 months,2024,Asian women vs non-Asian women,0.88,0.54,1.43,Age
adults,Teeth removed due to decay in past 12 months,2024,Most deprived vs least deprived,1.24,0.81,1.89,"Age, gender, ethnic group"
adults,Teeth removed due to decay in past 12 months,2024,Most deprived vs least deprived - men,1.09,0.64,1.86,"Age, ethnic group"
adults,Teeth removed due to decay in past 12 months,2024,Most deprived vs least deprived - women,1.41,0.78,2.56,"Age, ethnic group"
adults,Teeth removed due to decay in past 12 months,2024,Disabled adults vs non-disabled adults,1.3,1.01,1.69,"Age, gender"
adults,Teeth removed due to decay in lifetime,2024,Men vs women,1.11,1.06,1.16,Age
adults,Teeth removed due to decay in lifetime,2024,Māori vs non-Māori,1.32,1.25,1.39,"Age, gender"
adults,Teeth removed due to decay in lifetime,2024,Māori men vs non-Māori men,1.23,1.12,1.34,Age
adults,Teeth removed due to decay in lifetime,2024,Māori women vs non-Māori women,1.42,1.32,1.52,Age
adults,Teeth removed due to decay in lifetime,2024,Pacific vs non-Pacific,1.29,1.2,1.4,"Age, gender"
adults,Teeth removed due to decay in lifetime,2024,Pacific men vs non-Pacific men,1.16,1.01,1.32,Age
adults,Teeth removed due to decay in lifetime,2024,Pacific women vs non-Pacific women,1.42,1.31,1.55,Age
adults,Teeth removed due to decay in lifetime,2024,Asian vs non-Asian,0.93,0.86,1.0,"Age, gender"
adults,Teeth removed due to decay in lifetime,2024,Asian men vs non-Asian men,0.91,0.81,1.02,Age
adults,Teeth removed due to decay in lifetime,2024,Asian women vs non-Asian women,0.96,0.89,1.04,Age
adults,Teeth removed due to decay in lifetime,2024,Most deprived vs least deprived,1.47,1.31,1.66,"Age, gender, ethnic group"
adults,Teeth removed due to decay in lifetime,2024,Most deprived vs least deprived - men,1.37,1.17,1.61,"Age, ethnic group"
adults,Teeth removed due to decay in lifetime,2024,Most deprived vs least deprived - women,1.57,1.36,1.82,"Age, ethnic group"
adults,Teeth removed due to decay in lifetime,2024,Disabled adults vs non-disabled adults,1.23,1.14,1.33,"Age, gender"
adults,All teeth removed due to decay,2024,Men vs women,1.06,0.91,1.24,Age
adults,All teeth removed due to decay,2024,Māori vs non-Māori,2.3,1.88,2.81,"Age, gender"
adults,All teeth removed due to decay,2024,Māori men vs non-Māori men,2.19,1.58,3.04,Age
adults,All teeth removed due to decay,2024,Māori women vs non-Māori women,2.4,1.87,3.09,Age
adults,All teeth removed due to decay,2024,Pacific vs non-Pacific,1.22,0.76,1.95,"Age, gender"
adults,All teeth removed due to decay,2024,Pacific men vs non-Pacific men,1.82,0.93,3.56,Age
adults,All teeth removed due to decay,2024,Pacific women vs non-Pacific women,0.79,0.44,1.42,Age
adults,All teeth removed due to decay,2024,Asian vs non-Asian,0.45,0.2,1.02,"Age, gender"
adults,All teeth removed due to decay,2024,Asian men vs non-Asian men,0.56,0.28,1.14,Age
adults,All teeth removed due to decay,2024,Asian women vs non-Asian women,0.36,0.06,2.24,Age
adults,All teeth removed due to decay,2024,Most deprived vs least deprived,6.21,4.07,9.47,"Age, gender, ethnic group"
adults,All teeth removed due to decay,2024,Most deprived vs least deprived - men,4.32,2.42,7.72,"Age, ethnic group"
adults,All teeth removed due to decay,2024,Most deprived vs least deprived - women,8.89,5.08,15.58,"Age, ethnic group"
adults,All teeth removed due to decay,2024,Disabled adults vs non-disabled adults,1.88,1.54,2.3,"Age, gender"
adults,Tooth brushing twice a day or more with standard fluoride toothpaste,2024,Men vs women,0.79,0.76,0.82,Age
adults,Tooth brushing twice a day or more with standard fluoride toothpaste,2024,Māori vs non-Māori,0.72,0.67,0.78,"Age, gender"
adults,Tooth brushing twice a day or more with standard fluoride toothpaste,2024,Māori men vs non-Māori men,0.68,0.59,0.79,Age
adults,Tooth brushing twice a day or more with standard fluoride toothpaste,2024,Māori women vs non-Māori women,0.75,0.7,0.81,Age
adults,Tooth brushing twice a day or more with standard fluoride toothpaste,2024,Pacific vs non-Pacific,0.85,0.77,0.94,"Age, gender"
adults,Tooth brushing twice a day or more with standard fluoride toothpaste,2024,Pacific men vs non-Pacific men,0.77,0.63,0.95,Age
adults,Tooth brushing twice a day or more with standard fluoride toothpaste,2024,Pacific women vs non-Pacific women,0.91,0.83,0.99,Age
adults,Tooth brushing twice a day or more with standard fluoride toothpaste,2024,Asian vs non-Asian,1.21,1.16,1.26,"Age, gender"
adults,Tooth brushing twice a day or more with standard fluoride toothpaste,2024,Asian men vs non-Asian men,1.23,1.13,1.33,Age
adults,Tooth brushing twice a day or more with standard fluoride toothpaste,2024,Asian women vs non-Asian women,1.2,1.14,1.26,Age
adults,Tooth brushing twice a day or more with standard fluoride toothpaste,2024,Most deprived vs least deprived,0.69,0.63,0.75,"Age, gender, ethnic group"
adults,Tooth brushing twice a day or more with standard fluoride toothpaste,2024,Most deprived vs least deprived - men,0.67,0.57,0.79,"Age, ethnic group"
adults,Tooth brushing twice a day or more with standard fluoride toothpaste,2024,Most deprived vs least deprived - women,0.7,0.64,0.77,"Age, ethnic group"
adults,Tooth brushing twice a day or more with standard fluoride toothpaste,2024,Disabled adults vs non-disabled adults,0.82,0.76,0.89,"Age, gender"
adults,Psychological distress - high or very high,2024,Men vs women,0.67,0.58,0.78,Age
adults,Psychological distress - high or very high,2024,Māori vs non-Māori,1.55,1.32,1.82,"Age, gender"
adults,Psychological distress - high or very high,2024,Māori men vs non-Māori men,2.03,1.56,2.63,Age
adults,Psychological distress - high or very high,2024,Māori women vs non-Māori women,1.29,1.06,1.55,Age
adults,Psychological distress - high or very high,2024,Pacific vs non-Pacific,1.52,1.25,1.86,"Age, gender"
adults,Psychological distress - high or very high,2024,Pacific men vs non-Pacific men,1.26,0.84,1.88,Age
adults,Psychological distress - high or very high,2024,Pacific women vs non-Pacific women,1.7,1.39,2.08,Age
adults,Psychological distress - high or very high,2024,Asian vs non-Asian,0.61,0.49,0.77,"Age, gender"
adults,Psychological distress - high or very high,2024,Asian men vs non-Asian men,0.49,0.33,0.72,Age
adults,Psychological distress - high or very high,2024,Asian women vs non-Asian women,0.7,0.55,0.89,Age
adults,Psychological distress - high or very high,2024,Most deprived vs least deprived,2.08,1.58,2.73,"Age, gender, ethnic group"
adults,Psychological distress - high or very high,2024,Most deprived vs least deprived - men,2.22,1.37,3.58,"Age, ethnic group"
adults,Psychological distress - high or very high,2024,Most deprived vs least deprived - women,2.07,1.46,2.92,"Age, ethnic group"
adults,Psychological distress - high or very high,2024,Disabled adults vs non-disabled adults,3.47,3.04,3.95,"Age, gender"
adults,Psychological distress - very high,2024,Men vs women,0.62,0.48,0.8,Age
adults,Psychological distress - very high,2024,Māori vs non-Māori,1.74,1.29,2.34,"Age, gender"
adults,Psychological distress - very high,2024,Māori men vs non-Māori men,2.06,1.24,3.43,Age
adults,Psychological distress - very high,2024,Māori women vs non-Māori women,1.53,1.05,2.23,Age
adults,Psychological distress - very high,2024,Pacific vs non-Pacific,1.9,1.32,2.74,"Age, gender"
adults,Psychological distress - very high,2024,Pacific men vs non-Pacific men,1.31,0.6,2.84,Age
adults,Psychological distress - very high,2024,Pacific women vs non-Pacific women,2.3,1.59,3.34,Age
adults,Psychological distress - very high,2024,Asian vs non-Asian,0.59,0.35,1.01,"Age, gender"
adults,Psychological distress - very high,2024,Asian men vs non-Asian men,0.77,0.35,1.7,Age
adults,Psychological distress - very high,2024,Asian women vs non-Asian women,0.45,0.2,1.01,Age
adults,Psychological distress - very high,2024,Most deprived vs least deprived,2.17,1.24,3.77,"Age, gender, ethnic group"
adults,Psychological distress - very high,2024,Most deprived vs least deprived - men,1.5,0.55,4.12,"Age, ethnic group"
adults,Psychological distress - very high,2024,Most deprived vs least deprived - women,3.07,1.7,5.54,"Age, ethnic group"
adults,Psychological distress - very high,2024,Disabled adults vs non-disabled adults,5.42,4.16,7.07,"Age, gender"
adults,Psychological distress - high,2024,Men vs women,0.7,0.59,0.83,Age
adults,Psychological distress - high,2024,Māori vs non-Māori,1.46,1.2,1.78,"Age, gender"
adults,Psychological distress - high,2024,Māori men vs non-Māori men,2.0,1.46,2.75,Age
adults,Psychological distress - high,2024,Māori women vs non-Māori women,1.17,0.92,1.48,Age
adults,Psychological distress - high,2024,Pacific vs non-Pacific,1.35,1.02,1.78,"Age, gender"
adults,Psychological distress - high,2024,Pacific men vs non-Pacific men,1.23,0.73,2.06,Age
adults,Psychological distress - high,2024,Pacific women vs non-Pacific women,1.42,1.07,1.87,Age
adults,Psychological distress - high,2024,Asian vs non-Asian,0.62,0.47,0.82,"Age, gender"
adults,Psychological distress - high,2024,Asian men vs non-Asian men,0.38,0.22,0.64,Age
adults,Psychological distress - high,2024,Asian women vs non-Asian women,0.83,0.6,1.17,Age
adults,Psychological distress - high,2024,Most deprived vs least deprived,2.04,1.44,2.89,"Age, gender, ethnic group"
adults,Psychological distress - high,2024,Most deprived vs least deprived - men,2.61,1.39,4.91,"Age, ethnic group"
adults,Psychological distress - high,2024,Most deprived vs least deprived - women,1.74,1.13,2.67,"Age, ethnic group"
adults,Psychological distress - high,2024,Disabled adults vs non-disabled adults,2.81,2.32,3.41,"Age, gender"
adults,Psychological distress - moderate,2024,Men vs women,0.85,0.76,0.95,Age
adults,Psychological distress - moderate,2024,Māori vs non-Māori,1.26,1.11,1.43,"Age, gender"
adults,Psychological distress - moderate,2024,Māori men vs non-Māori men,1.32,1.05,1.66,Age
adults,Psychological distress - moderate,2024,Māori women vs non-Māori women,1.22,1.03,1.44,Age
adults,Psychological distress - moderate,2024,Pacific vs non-Pacific,1.06,0.89,1.28,"Age, gender"
adults,Psychological distress - moderate,2024,Pacific men vs non-Pacific men,1.09,0.79,1.52,Age
adults,Psychological distress - moderate,2024,Pacific women vs non-Pacific women,1.06,0.82,1.36,Age
adults,Psychological distress - moderate,2024,Asian vs non-Asian,0.73,0.61,0.86,"Age, gender"
adults,Psychological distress - moderate,2024,Asian men vs non-Asian men,0.69,0.54,0.88,Age
adults,Psychological distress - moderate,2024,Asian women vs non-Asian women,0.76,0.6,0.95,Age
adults,Psychological distress - moderate,2024,Most deprived vs least deprived,1.11,0.92,1.34,"Age, gender, ethnic group"
adults,Psychological distress - moderate,2024,Most deprived vs least deprived - men,1.18,0.88,1.58,"Age, ethnic group"
adults,Psychological distress - moderate,2024,Most deprived vs least deprived - women,1.06,0.8,1.4,"Age, ethnic group"
adults,Psychological distress - moderate,2024,Disabled adults vs non-disabled adults,1.45,1.24,1.7,"Age, gender"
adults,Psychological distress - low,2024,Men vs women,1.14,1.09,1.19,Age
adults,Psychological distress - low,2024,Māori vs non-Māori,0.81,0.76,0.87,"Age, gender"
adults,Psychological distress - low,2024,Māori men vs non-Māori men,0.78,0.7,0.86,Age
adults,Psychological distress - low,2024,Māori women vs non-Māori women,0.85,0.78,0.92,Age
adults,Psychological distress - low,2024,Pacific vs non-Pacific,0.86,0.79,0.95,"Age, gender"
adults,Psychological distress - low,2024,Pacific men vs non-Pacific men,0.93,0.82,1.06,Age
adults,Psychological distress - low,2024,Pacific women vs non-Pacific women,0.79,0.7,0.9,Age
adults,Psychological distress - low,2024,Asian vs non-Asian,1.19,1.14,1.24,"Age, gender"
adults,Psychological distress - low,2024,Asian men vs non-Asian men,1.2,1.13,1.27,Age
adults,Psychological distress - low,2024,Asian women vs non-Asian women,1.19,1.12,1.26,Age
adults,Psychological distress - low,2024,Most deprived vs least deprived,0.83,0.77,0.89,"Age, gender, ethnic group"
adults,Psychological distress - low,2024,Most deprived vs least deprived - men,0.84,0.76,0.94,"Age, ethnic group"
adults,Psychological distress - low,2024,Most deprived vs least deprived - women,0.81,0.73,0.9,"Age, ethnic group"
adults,Psychological distress - low,2024,Disabled adults vs non-disabled adults,0.48,0.43,0.54,"Age, gender"
adults,Mean K10 score,2024,Men vs women,0.78,0.73,0.83,Age
adults,Mean K10 score,2024,Māori vs non-Māori,1.35,1.24,1.48,"Age, gender"
adults,Mean K10 score,2024,Māori men vs non-Māori men,1.51,1.31,1.73,Age
adults,Mean K10 score,2024,Māori women vs non-Māori women,1.24,1.12,1.37,Age
adults,Mean K10 score,2024,Pacific vs non-Pacific,1.3,1.17,1.46,"Age, gender"
adults,Mean K10 score,2024,Pacific men vs non-Pacific men,1.11,0.9,1.37,Age
adults,Mean K10 score,2024,Pacific women vs non-Pacific women,1.44,1.28,1.63,Age
adults,Mean K10 score,2024,Asian vs non-Asian,0.68,0.6,0.77,"Age, gender"
adults,Mean K10 score,2024,Asian men vs non-Asian men,0.63,0.5,0.79,Age
adults,Mean K10 score,2024,Asian women vs non-Asian women,0.7,0.62,0.8,Age
adults,Mean K10 score,2024,Most deprived vs least deprived,1.41,1.24,1.61,"Age, gender, ethnic group"
adults,Mean K10 score,2024,Most deprived vs least deprived - men,1.36,1.12,1.65,"Age, ethnic group"
adults,Mean K10 score,2024,Most deprived vs least deprived - women,1.47,1.28,1.7,"Age, ethnic group"
adults,Mean K10 score,2024,Disabled adults vs non-disabled adults,2.22,2.08,2.37,"Age, gender"
adults,Lonely none or a little of the time,2024,Men vs women,1.05,1.03,1.07,Age
adults,Lonely none or a little of the time,2024,Māori vs non-Māori,0.95,0.92,0.98,"Age, gender"
adults,Lonely none or a little of the time,2024,Māori men vs non-Māori men,0.95,0.92,0.99,Age
adults,Lonely none or a little of the time,2024,Māori women vs non-Māori women,0.95,0.91,0.99,Age
adults,Lonely none or a little of the time,2024,Pacific vs non-Pacific,0.97,0.93,1.02,"Age, gender"
adults,Lonely none or a little of the time,2024,Pacific men vs non-Pacific men,1.03,0.98,1.09,Age
adults,Lonely none or a little of the time,2024,Pacific women vs non-Pacific women,0.92,0.86,0.98,Age
adults,Lonely none or a little of the time,2024,Asian vs non-Asian,0.99,0.96,1.03,"Age, gender"
adults,Lonely none or a little of the time,2024,Asian men vs non-Asian men,0.99,0.95,1.03,Age
adults,Lonely none or a little of the time,2024,Asian women vs non-Asian women,1.0,0.95,1.05,Age
adults,Lonely none or a little of the time,2024,Most deprived vs least deprived,0.9,0.87,0.94,"Age, gender, ethnic group"
adults,Lonely none or a little of the time,2024,Most deprived vs least deprived - men,0.9,0.86,0.95,"Age, ethnic group"
adults,Lonely none or a little of the time,2024,Most deprived vs least deprived - women,0.9,0.85,0.96,"Age, ethnic group"
adults,Lonely none or a little of the time,2024,Disabled adults vs non-disabled adults,0.77,0.73,0.82,"Age, gender"
adults,Lonely some of the time,2024,Men vs women,0.73,0.6,0.88,Age
adults,Lonely some of the time,2024,Māori vs non-Māori,1.23,1.02,1.48,"Age, gender"
adults,Lonely some of the time,2024,Māori men vs non-Māori men,1.43,1.02,2.0,Age
adults,Lonely some of the time,2024,Māori women vs non-Māori women,1.03,0.81,1.31,Age
adults,Lonely some of the time,2024,Pacific vs non-Pacific,1.01,0.74,1.37,"Age, gender"
adults,Lonely some of the time,2024,Pacific men vs non-Pacific men,0.87,0.42,1.78,Age
adults,Lonely some of the time,2024,Pacific women vs non-Pacific women,1.09,0.78,1.53,Age
adults,Lonely some of the time,2024,Asian vs non-Asian,1.2,0.96,1.5,"Age, gender"
adults,Lonely some of the time,2024,Asian men vs non-Asian men,1.02,0.73,1.42,Age
adults,Lonely some of the time,2024,Asian women vs non-Asian women,1.34,0.99,1.83,Age
adults,Lonely some of the time,2024,Most deprived vs least deprived,1.49,1.08,2.04,"Age, gender, ethnic group"
adults,Lonely some of the time,2024,Most deprived vs least deprived - men,1.86,1.04,3.32,"Age, ethnic group"
adults,Lonely some of the time,2024,Most deprived vs least deprived - women,1.32,0.88,1.99,"Age, ethnic group"
adults,Lonely some of the time,2024,Disabled adults vs non-disabled adults,2.13,1.67,2.72,"Age, gender"
adults,Lonely most or all of the time,2024,Men vs women,0.76,0.6,0.97,Age
adults,Lonely most or all of the time,2024,Māori vs non-Māori,1.64,1.22,2.2,"Age, gender"
adults,Lonely most or all of the time,2024,Māori men vs non-Māori men,1.3,0.81,2.1,Age
adults,Lonely most or all of the time,2024,Māori women vs non-Māori women,1.9,1.35,2.69,Age
adults,Lonely most or all of the time,2024,Pacific vs non-Pacific,1.52,1.01,2.3,"Age, gender"
adults,Lonely most or all of the time,2024,Pacific men vs non-Pacific men,0.55,0.21,1.41,Age
adults,Lonely most or all of the time,2024,Pacific women vs non-Pacific women,2.28,1.49,3.48,Age
adults,Lonely most or all of the time,2024,Asian vs non-Asian,0.75,0.49,1.16,"Age, gender"
adults,Lonely most or all of the time,2024,Asian men vs non-Asian men,1.11,0.58,2.11,Age
adults,Lonely most or all of the time,2024,Asian women vs non-Asian women,0.48,0.27,0.86,Age
adults,Lonely most or all of the time,2024,Most deprived vs least deprived,3.47,1.84,6.52,"Age, gender, ethnic group"
adults,Lonely most or all of the time,2024,Most deprived vs least deprived - men,3.28,1.31,8.22,"Age, ethnic group"
adults,Lonely most or all of the time,2024,Most deprived vs least deprived - women,3.47,1.67,7.2,"Age, ethnic group"
adults,Lonely most or all of the time,2024,Disabled adults vs non-disabled adults,4.39,3.44,5.6,"Age, gender"
adults,Stroke,2024,Men vs women,1.39,1.0,1.92,Age
adults,Stroke,2024,Māori vs non-Māori,1.44,0.96,2.17,"Age, gender"
adults,Stroke,2024,Māori men vs non-Māori men,1.68,0.91,3.09,Age
adults,Stroke,2024,Māori women vs non-Māori women,1.15,0.69,1.91,Age
adults,Stroke,2024,Pacific vs non-Pacific,1.9,0.94,3.84,"Age, gender"
adults,Stroke,2024,Pacific men vs non-Pacific men,2.04,0.67,6.27,Age
adults,Stroke,2024,Pacific women vs non-Pacific women,1.73,0.75,3.98,Age
adults,Stroke,2024,Asian vs non-Asian,0.88,0.38,2.01,"Age, gender"
adults,Stroke,2024,Asian men vs non-Asian men,0.59,0.13,2.58,Age
adults,Stroke,2024,Asian women vs non-Asian women,1.3,0.38,4.49,Age
adults,Stroke,2024,Most deprived vs least deprived,1.42,0.81,2.49,"Age, gender, ethnic group"
adults,Stroke,2024,Most deprived vs least deprived - men,1.38,0.57,3.39,"Age, ethnic group"
adults,Stroke,2024,Most deprived vs least deprived - women,1.48,0.66,3.31,"Age, ethnic group"
adults,Stroke,2024,Disabled adults vs non-disabled adults,2.08,1.45,2.99,"Age, gender"
adults,Heart failure,2024,Men vs women,1.68,1.19,2.36,Age
adults,Heart failure,2024,Māori vs non-Māori,1.76,1.13,2.74,"Age, gender"
adults,Heart failure,2024,Māori men vs non-Māori men,1.63,0.95,2.78,Age
adults,Heart failure,2024,Māori women vs non-Māori women,1.98,0.96,4.1,Age
adults,Heart failure,2024,Pacific vs non-Pacific,1.16,0.48,2.78,"Age, gender"
adults,Heart failure,2024,Pacific men vs non-Pacific men,1.93,0.72,5.2,Age
adults,Heart failure,2024,Pacific women vs non-Pacific women,0.31,0.08,1.29,Age
adults,Heart failure,2024,Asian vs non-Asian,0.97,0.44,2.13,"Age, gender"
adults,Heart failure,2024,Asian men vs non-Asian men,0.66,0.25,1.78,Age
adults,Heart failure,2024,Asian women vs non-Asian women,1.46,0.48,4.45,Age
adults,Heart failure,2024,Most deprived vs least deprived,1.9,1.02,3.54,"Age, gender, ethnic group"
adults,Heart failure,2024,Most deprived vs least deprived - men,1.86,0.68,5.07,"Age, ethnic group"
adults,Heart failure,2024,Most deprived vs least deprived - women,1.94,0.83,4.53,"Age, ethnic group"
adults,Heart failure,2024,Disabled adults vs non-disabled adults,2.78,1.93,4.01,"Age, gender"
adults,High blood pressure (medicated),2024,Men vs women,1.09,1.0,1.18,Age
adults,High blood pressure (medicated),2024,Māori vs non-Māori,1.27,1.13,1.43,"Age, gender"
adults,High blood pressure (medicated),2024,Māori men vs non-Māori men,1.14,0.94,1.38,Age
adults,High blood pressure (medicated),2024,Māori women vs non-Māori women,1.39,1.2,1.62,Age
adults,High blood pressure (medicated),2024,Pacific vs non-Pacific,1.48,1.27,1.73,"Age, gender"
adults,High blood pressure (medicated),2024,Pacific men vs non-Pacific men,1.69,1.34,2.12,Age
adults,High blood pressure (medicated),2024,Pacific women vs non-Pacific women,1.33,1.08,1.64,Age
adults,High blood pressure (medicated),2024,Asian vs non-Asian,1.05,0.88,1.25,"Age, gender"
adults,High blood pressure (medicated),2024,Asian men vs non-Asian men,1.08,0.82,1.41,Age
adults,High blood pressure (medicated),2024,Asian women vs non-Asian women,1.01,0.79,1.31,Age
adults,High blood pressure (medicated),2024,Most deprived vs least deprived,1.4,1.18,1.66,"Age, gender, ethnic group"
adults,High blood pressure (medicated),2024,Most deprived vs least deprived - men,1.13,0.88,1.46,"Age, ethnic group"
adults,High blood pressure (medicated),2024,Most deprived vs least deprived - women,1.71,1.37,2.15,"Age, ethnic group"
adults,High blood pressure (medicated),2024,Disabled adults vs non-disabled adults,1.27,1.13,1.43,"Age, gender"
adults,High cholesterol (medicated),2024,Men vs women,1.47,1.29,1.69,Age
adults,High cholesterol (medicated),2024,Māori vs non-Māori,1.22,1.05,1.41,"Age, gender"
adults,High cholesterol (medicated),2024,Māori men vs non-Māori men,1.08,0.86,1.36,Age
adults,High cholesterol (medicated),2024,Māori women vs non-Māori women,1.4,1.11,1.75,Age
adults,High cholesterol (medicated),2024,Pacific vs non-Pacific,1.47,1.2,1.8,"Age, gender"
adults,High cholesterol (medicated),2024,Pacific men vs non-Pacific men,1.61,1.2,2.17,Age
adults,High cholesterol (medicated),2024,Pacific women vs non-Pacific women,1.32,1.01,1.74,Age
adults,High cholesterol (medicated),2024,Asian vs non-Asian,1.01,0.75,1.37,"Age, gender"
adults,High cholesterol (medicated),2024,Asian men vs non-Asian men,0.92,0.65,1.31,Age
adults,High cholesterol (medicated),2024,Asian women vs non-Asian women,1.13,0.73,1.74,Age
adults,High cholesterol (medicated),2024,Most deprived vs least deprived,1.25,1.0,1.57,"Age, gender, ethnic group"
adults,High cholesterol (medicated),2024,Most deprived vs least deprived - men,0.92,0.67,1.27,"Age, ethnic group"
adults,High cholesterol (medicated),2024,Most deprived vs least deprived - women,1.89,1.32,2.7,"Age, ethnic group"
adults,High cholesterol (medicated),2024,Disabled adults vs non-disabled adults,1.17,1.01,1.36,"Age, gender"
adults,Ischaemic heart disease,2024,Men vs women,2.01,1.62,2.5,Age
adults,Ischaemic heart disease,2024,Māori vs non-Māori,1.77,1.35,2.32,"Age, gender"
adults,Ischaemic heart disease,2024,Māori men vs non-Māori men,1.6,1.15,2.22,Age
adults,Ischaemic heart disease,2024,Māori women vs non-Māori women,2.1,1.34,3.31,Age
adults,Ischaemic heart disease,2024,Pacific vs non-Pacific,2.09,1.52,2.86,"Age, gender"
adults,Ischaemic heart disease,2024,Pacific men vs non-Pacific men,1.98,1.23,3.18,Age
adults,Ischaemic heart disease,2024,Pacific women vs non-Pacific women,2.25,1.43,3.52,Age
adults,Ischaemic heart disease,2024,Asian vs non-Asian,0.88,0.56,1.37,"Age, gender"
adults,Ischaemic heart disease,2024,Asian men vs non-Asian men,0.86,0.51,1.46,Age
adults,Ischaemic heart disease,2024,Asian women vs non-Asian women,0.91,0.46,1.78,Age
adults,Ischaemic heart disease,2024,Most deprived vs least deprived,2.06,1.32,3.21,"Age, gender, ethnic group"
adults,Ischaemic heart disease,2024,Most deprived vs least deprived - men,1.74,0.99,3.06,"Age, ethnic group"
adults,Ischaemic heart disease,2024,Most deprived vs least deprived - women,2.8,1.37,5.76,"Age, ethnic group"
adults,Ischaemic heart disease,2024,Disabled adults vs non-disabled adults,1.6,1.19,2.17,"Age, gender"
adults,Raised blood pressure (measured),2024,Men vs women,1.27,1.14,1.42,Age
adults,Raised blood pressure (measured),2024,Māori vs non-Māori,1.3,1.13,1.5,"Age, gender"
adults,Raised blood pressure (measured),2024,Māori men vs non-Māori men,1.07,0.86,1.32,Age
adults,Raised blood pressure (measured),2024,Māori women vs non-Māori women,1.6,1.36,1.88,Age
adults,Raised blood pressure (measured),2024,Pacific vs non-Pacific,1.34,1.14,1.57,"Age, gender"
adults,Raised blood pressure (measured),2024,Pacific men vs non-Pacific men,1.38,1.09,1.75,Age
adults,Raised blood pressure (measured),2024,Pacific women vs non-Pacific women,1.29,1.04,1.6,Age
adults,Raised blood pressure (measured),2024,Asian vs non-Asian,0.91,0.75,1.1,"Age, gender"
adults,Raised blood pressure (measured),2024,Asian men vs non-Asian men,0.95,0.75,1.22,Age
adults,Raised blood pressure (measured),2024,Asian women vs non-Asian women,0.82,0.61,1.11,Age
adults,Raised blood pressure (measured),2024,Most deprived vs least deprived,1.33,1.09,1.62,"Age, gender, ethnic group"
adults,Raised blood pressure (measured),2024,Most deprived vs least deprived - men,1.42,1.04,1.93,"Age, ethnic group"
adults,Raised blood pressure (measured),2024,Most deprived vs least deprived - women,1.21,0.95,1.53,"Age, ethnic group"
adults,Raised blood pressure (measured),2024,Disabled adults vs non-disabled adults,1.16,0.97,1.38,"Age, gender"
adults,Mean systolic blood pressure,2024,Men vs women,1.06,1.05,1.07,Age
adults,Mean systolic blood pressure,2024,Māori vs non-Māori,1.02,1.01,1.03,"Age, gender"
adults,Mean systolic blood pressure,2024,Māori men vs non-Māori men,1.01,0.99,1.02,Age
adults,Mean systolic blood pressure,2024,Māori women vs non-Māori women,1.03,1.02,1.05,Age
adults,Mean systolic blood pressure,2024,Pacific vs non-Pacific,1.01,0.99,1.02,"Age, gender"
adults,Mean systolic blood pressure,2024,Pacific men vs non-Pacific men,1.0,0.98,1.02,Age
adults,Mean systolic blood pressure,2024,Pacific women vs non-Pacific women,1.02,1.0,1.03,Age
adults,Mean systolic blood pressure,2024,Asian vs non-Asian,0.98,0.97,0.99,"Age, gender"
adults,Mean systolic blood pressure,2024,Asian men vs non-Asian men,0.99,0.97,1.0,Age
adults,Mean systolic blood pressure,2024,Asian women vs non-Asian women,0.97,0.96,0.98,Age
adults,Mean systolic blood pressure,2024,Most deprived vs least deprived,1.01,1.0,1.03,"Age, gender, ethnic group"
adults,Mean systolic blood pressure,2024,Most deprived vs least deprived - men,1.02,1.0,1.04,"Age, ethnic group"
adults,Mean systolic blood pressure,2024,Most deprived vs least deprived - women,1.0,0.98,1.02,"Age, ethnic group"
adults,Mean systolic blood pressure,2024,Disabled adults vs non-disabled adults,1.0,0.99,1.02,"Age, gender"
adults,Mean diastolic blood pressure,2024,Men vs women,1.02,1.01,1.03,Age
adults,Mean diastolic blood pressure,2024,Māori vs non-Māori,1.04,1.02,1.05,"Age, gender"
adults,Mean diastolic blood pressure,2024,Māori men vs non-Māori men,1.02,1.0,1.05,Age
adults,Mean diastolic blood pressure,2024,Māori women vs non-Māori women,1.05,1.03,1.06,Age
adults,Mean diastolic blood pressure,2024,Pacific vs non-Pacific,1.04,1.02,1.06,"Age, gender"
adults,Mean diastolic blood pressure,2024,Pacific men vs non-Pacific men,1.04,1.0,1.07,Age
adults,Mean diastolic blood pressure,2024,Pacific women vs non-Pacific women,1.04,1.02,1.06,Age
adults,Mean diastolic blood pressure,2024,Asian vs non-Asian,1.0,0.98,1.01,"Age, gender"
adults,Mean diastolic blood pressure,2024,Asian men vs non-Asian men,1.01,0.99,1.03,Age
adults,Mean diastolic blood pressure,2024,Asian women vs non-Asian women,0.98,0.96,1.0,Age
adults,Mean diastolic blood pressure,2024,Most deprived vs least deprived,1.01,1.0,1.03,"Age, gender, ethnic group"
adults,Mean diastolic blood pressure,2024,Most deprived vs least deprived - men,1.03,1.0,1.06,"Age, ethnic group"
adults,Mean diastolic blood pressure,2024,Most deprived vs least deprived - women,1.0,0.98,1.02,"Age, ethnic group"
adults,Mean diastolic blood pressure,2024,Disabled adults vs non-disabled adults,1.01,1.0,1.03,"Age, gender"
adults,Asthma (using treatment),2024,Men vs women,0.73,0.62,0.86,Age
adults,Asthma (using treatment),2024,Māori vs non-Māori,1.7,1.43,2.02,"Age, gender"
adults,Asthma (using treatment),2024,Māori men vs non-Māori men,1.39,0.98,1.97,Age
adults,Asthma (using treatment),2024,Māori women vs non-Māori women,1.92,1.6,2.31,Age
adults,Asthma (using treatment),2024,Pacific vs non-Pacific,1.2,0.89,1.61,"Age, gender"
adults,Asthma (using treatment),2024,Pacific men vs non-Pacific men,0.71,0.36,1.38,Age
adults,Asthma (using treatment),2024,Pacific women vs non-Pacific women,1.51,1.06,2.15,Age
adults,Asthma (using treatment),2024,Asian vs non-Asian,0.4,0.3,0.52,"Age, gender"
adults,Asthma (using treatment),2024,Asian men vs non-Asian men,0.37,0.22,0.62,Age
adults,Asthma (using treatment),2024,Asian women vs non-Asian women,0.41,0.28,0.59,Age
adults,Asthma (using treatment),2024,Most deprived vs least deprived,1.25,0.93,1.68,"Age, gender, ethnic group"
adults,Asthma (using treatment),2024,Most deprived vs least deprived - men,0.69,0.42,1.12,"Age, ethnic group"
adults,Asthma (using treatment),2024,Most deprived vs least deprived - women,1.91,1.34,2.72,"Age, ethnic group"
adults,Asthma (using treatment),2024,Disabled adults vs non-disabled adults,1.77,1.44,2.16,"Age, gender"
adults,COPD,2024,Men vs women,0.84,0.62,1.14,Age
adults,COPD,2024,Māori vs non-Māori,2.07,1.43,2.98,"Age, gender"
adults,COPD,2024,Māori men vs non-Māori men,1.9,0.98,3.69,Age
adults,COPD,2024,Māori women vs non-Māori women,2.18,1.51,3.15,Age
adults,COPD,2024,Pacific vs non-Pacific,0.63,0.29,1.39,"Age, gender"
adults,COPD,2024,Pacific men vs non-Pacific men,0.81,0.23,2.94,Age
adults,COPD,2024,Pacific women vs non-Pacific women,0.53,0.18,1.62,Age
adults,COPD,2024,Asian vs non-Asian,0.56,0.21,1.48,"Age, gender"
adults,COPD,2024,Asian women vs non-Asian women,0.94,0.33,2.65,Age
adults,COPD,2024,Most deprived vs least deprived,2.04,1.09,3.8,"Age, gender, ethnic group"
adults,COPD,2024,Most deprived vs least deprived - men,1.8,0.64,5.04,"Age, ethnic group"
adults,COPD,2024,Most deprived vs least deprived - women,2.25,1.11,4.54,"Age, ethnic group"
adults,COPD,2024,Disabled adults vs non-disabled adults,2.71,2.02,3.63,"Age, gender"
adults,Diabetes,2024,Men vs women,1.23,1.02,1.49,Age
adults,Diabetes,2024,Māori vs non-Māori,1.83,1.49,2.24,"Age, gender"
adults,Diabetes,2024,Māori men vs non-Māori men,1.79,1.34,2.39,Age
adults,Diabetes,2024,Māori women vs non-Māori women,1.76,1.38,2.26,Age
adults,Diabetes,2024,Pacific vs non-Pacific,3.54,2.79,4.5,"Age, gender"
adults,Diabetes,2024,Pacific men vs non-Pacific men,3.52,2.48,5.01,Age
adults,Diabetes,2024,Pacific women vs non-Pacific women,3.63,2.78,4.75,Age
adults,Diabetes,2024,Asian vs non-Asian,1.42,1.12,1.82,"Age, gender"
adults,Diabetes,2024,Asian men vs non-Asian men,1.36,0.93,1.98,Age
adults,Diabetes,2024,Asian women vs non-Asian women,1.51,1.06,2.14,Age
adults,Diabetes,2024,Most deprived vs least deprived,2.66,1.88,3.76,"Age, gender, ethnic group"
adults,Diabetes,2024,Most deprived vs least deprived - men,2.25,1.32,3.83,"Age, ethnic group"
adults,Diabetes,2024,Most deprived vs least deprived - women,3.11,1.94,4.98,"Age, ethnic group"
adults,Diabetes,2024,Disabled adults vs non-disabled adults,2.04,1.71,2.45,"Age, gender"
adults,Chronic pain,2024,Men vs women,0.82,0.75,0.9,Age
adults,Chronic pain,2024,Māori vs non-Māori,1.24,1.12,1.38,"Age, gender"
adults,Chronic pain,2024,Māori men vs non-Māori men,1.42,1.21,1.68,Age
adults,Chronic pain,2024,Māori women vs non-Māori women,1.12,1.01,1.25,Age
adults,Chronic pain,2024,Pacific vs non-Pacific,1.03,0.88,1.2,"Age, gender"
adults,Chronic pain,2024,Pacific men vs non-Pacific men,1.08,0.83,1.39,Age
adults,Chronic pain,2024,Pacific women vs non-Pacific women,1.0,0.82,1.22,Age
adults,Chronic pain,2024,Asian vs non-Asian,0.58,0.49,0.69,"Age, gender"
adults,Chronic pain,2024,Asian men vs non-Asian men,0.43,0.31,0.6,Age
adults,Chronic pain,2024,Asian women vs non-Asian women,0.71,0.59,0.85,Age
adults,Chronic pain,2024,Most deprived vs least deprived,1.46,1.18,1.81,"Age, gender, ethnic group"
adults,Chronic pain,2024,Most deprived vs least deprived - men,1.56,1.16,2.09,"Age, ethnic group"
adults,Chronic pain,2024,Most deprived vs least deprived - women,1.42,1.12,1.79,"Age, ethnic group"
adults,Chronic pain,2024,Disabled adults vs non-disabled adults,2.32,2.11,2.54,"Age, gender"
adults,Any arthritis,2024,Men vs women,1.06,0.97,1.15,Age
adults,Any arthritis,2024,Māori vs non-Māori,1.38,1.26,1.52,"Age, gender"
adults,Any arthritis,2024,Māori men vs non-Māori men,1.51,1.3,1.75,Age
adults,Any arthritis,2024,Māori women vs non-Māori women,1.26,1.14,1.41,Age
adults,Any arthritis,2024,Pacific vs non-Pacific,1.3,1.1,1.53,"Age, gender"
adults,Any arthritis,2024,Pacific men vs non-Pacific men,1.46,1.18,1.8,Age
adults,Any arthritis,2024,Pacific women vs non-Pacific women,1.17,0.93,1.48,Age
adults,Any arthritis,2024,Asian vs non-Asian,0.53,0.42,0.69,"Age, gender"
adults,Any arthritis,2024,Asian men vs non-Asian men,0.56,0.41,0.77,Age
adults,Any arthritis,2024,Asian women vs non-Asian women,0.49,0.35,0.7,Age
adults,Any arthritis,2024,Most deprived vs least deprived,1.31,1.12,1.52,"Age, gender, ethnic group"
adults,Any arthritis,2024,Most deprived vs least deprived - men,1.27,0.99,1.63,"Age, ethnic group"
adults,Any arthritis,2024,Most deprived vs least deprived - women,1.35,1.09,1.67,"Age, ethnic group"
adults,Any arthritis,2024,Disabled adults vs non-disabled adults,1.81,1.63,2.03,"Age, gender"
adults,Gout,2024,Men vs women,4.42,3.6,5.43,Age
adults,Gout,2024,Māori vs non-Māori,1.91,1.49,2.44,"Age, gender"
adults,Gout,2024,Māori men vs non-Māori men,1.89,1.42,2.51,Age
adults,Gout,2024,Māori women vs non-Māori women,1.98,1.28,3.06,Age
adults,Gout,2024,Pacific vs non-Pacific,3.27,2.47,4.31,"Age, gender"
adults,Gout,2024,Pacific men vs non-Pacific men,2.87,2.11,3.92,Age
adults,Gout,2024,Pacific women vs non-Pacific women,5.13,2.95,8.9,Age
adults,Gout,2024,Asian vs non-Asian,0.78,0.52,1.16,"Age, gender"
adults,Gout,2024,Asian men vs non-Asian men,0.82,0.52,1.28,Age
adults,Gout,2024,Asian women vs non-Asian women,0.57,0.22,1.47,Age
adults,Gout,2024,Most deprived vs least deprived,1.4,0.95,2.05,"Age, gender, ethnic group"
adults,Gout,2024,Most deprived vs least deprived - men,1.23,0.81,1.86,"Age, ethnic group"
adults,Gout,2024,Disabled adults vs non-disabled adults,1.65,1.27,2.14,"Age, gender"
adults,Osteoarthritis,2024,Men vs women,0.74,0.64,0.86,Age
adults,Osteoarthritis,2024,Māori vs non-Māori,1.21,1.06,1.39,"Age, gender"
adults,Osteoarthritis,2024,Māori men vs non-Māori men,1.39,1.11,1.75,Age
adults,Osteoarthritis,2024,Māori women vs non-Māori women,1.1,0.93,1.29,Age
adults,Osteoarthritis,2024,Pacific vs non-Pacific,0.79,0.59,1.07,"Age, gender"
adults,Osteoarthritis,2024,Pacific men vs non-Pacific men,0.74,0.44,1.25,Age
adults,Osteoarthritis,2024,Pacific women vs non-Pacific women,0.82,0.58,1.16,Age
adults,Osteoarthritis,2024,Asian vs non-Asian,0.34,0.2,0.61,"Age, gender"
adults,Osteoarthritis,2024,Asian men vs non-Asian men,0.29,0.14,0.58,Age
adults,Osteoarthritis,2024,Asian women vs non-Asian women,0.38,0.2,0.74,Age
adults,Osteoarthritis,2024,Most deprived vs least deprived,1.29,1.05,1.58,"Age, gender, ethnic group"
adults,Osteoarthritis,2024,Most deprived vs least deprived - men,1.29,0.89,1.86,"Age, ethnic group"
adults,Osteoarthritis,2024,Most deprived vs least deprived - women,1.29,0.98,1.7,"Age, ethnic group"
adults,Osteoarthritis,2024,Disabled adults vs non-disabled adults,1.93,1.68,2.21,"Age, gender"
adults,Rheumatoid arthritis,2024,Men vs women,0.71,0.54,0.93,Age
adults,Rheumatoid arthritis,2024,Māori vs non-Māori,2.25,1.65,3.06,"Age, gender"
adults,Rheumatoid arthritis,2024,Māori men vs non-Māori men,2.86,1.68,4.88,Age
adults,Rheumatoid arthritis,2024,Māori women vs non-Māori women,1.91,1.32,2.79,Age
adults,Rheumatoid arthritis,2024,Pacific vs non-Pacific,1.25,0.63,2.48,"Age, gender"
adults,Rheumatoid arthritis,2024,Pacific men vs non-Pacific men,0.82,0.29,2.29,Age
adults,Rheumatoid arthritis,2024,Pacific women vs non-Pacific women,1.46,0.63,3.37,Age
adults,Rheumatoid arthritis,2024,Asian vs non-Asian,0.49,0.26,0.91,"Age, gender"
adults,Rheumatoid arthritis,2024,Asian men vs non-Asian men,0.39,0.12,1.23,Age
adults,Rheumatoid arthritis,2024,Asian women vs non-Asian women,0.57,0.27,1.21,Age
adults,Rheumatoid arthritis,2024,Most deprived vs least deprived,2.5,1.48,4.23,"Age, gender, ethnic group"
adults,Rheumatoid arthritis,2024,Most deprived vs least deprived - men,5.06,1.89,13.56,"Age, ethnic group"
adults,Rheumatoid arthritis,2024,Most deprived vs least deprived - women,1.57,0.82,3.02,"Age, ethnic group"
adults,Rheumatoid arthritis,2024,Disabled adults vs non-disabled adults,2.42,1.74,3.36,"Age, gender"
adults,Past-year drinkers,2024,Men vs women,1.11,1.07,1.15,Age
adults,Past-year drinkers,2024,Māori vs non-Māori,1.01,0.97,1.05,"Age, gender"
adults,Past-year drinkers,2024,Māori men vs non-Māori men,0.96,0.9,1.01,Age
adults,Past-year drinkers,2024,Māori women vs non-Māori women,1.06,1.0,1.12,Age
adults,Past-year drinkers,2024,Pacific vs non-Pacific,0.76,0.7,0.83,"Age, gender"
adults,Past-year drinkers,2024,Pacific men vs non-Pacific men,0.84,0.75,0.94,Age
adults,Past-year drinkers,2024,Pacific women vs non-Pacific women,0.7,0.62,0.78,Age
adults,Past-year drinkers,2024,Asian vs non-Asian,0.66,0.61,0.71,"Age, gender"
adults,Past-year drinkers,2024,Asian men vs non-Asian men,0.77,0.71,0.84,Age
adults,Past-year drinkers,2024,Asian women vs non-Asian women,0.55,0.47,0.63,Age
adults,Past-year drinkers,2024,Most deprived vs least deprived,0.82,0.77,0.87,"Age, gender, ethnic group"
adults,Past-year drinkers,2024,Most deprived vs least deprived - men,0.84,0.78,0.91,"Age, ethnic group"
adults,Past-year drinkers,2024,Most deprived vs least deprived - women,0.79,0.71,0.87,"Age, ethnic group"
adults,Past-year drinkers,2024,Disabled adults vs non-disabled adults,0.93,0.88,0.99,"Age, gender"
adults,Hazardous drinking pattern (total population),2024,Men vs women,1.88,1.66,2.13,Age
adults,Hazardous drinking pattern (total population),2024,Māori vs non-Māori,1.67,1.47,1.91,"Age, gender"
adults,Hazardous drinking pattern (total population),2024,Māori men vs non-Māori men,1.44,1.19,1.75,Age
adults,Hazardous drinking pattern (total population),2024,Māori women vs non-Māori women,2.18,1.78,2.67,Age
adults,Hazardous drinking pattern (total population),2024,Pacific vs non-Pacific,0.97,0.75,1.26,"Age, gender"
adults,Hazardous drinking pattern (total population),2024,Pacific men vs non-Pacific men,1.08,0.79,1.47,Age
adults,Hazardous drinking pattern (total population),2024,Pacific women vs non-Pacific women,0.82,0.53,1.25,Age
adults,Hazardous drinking pattern (total population),2024,Asian vs non-Asian,0.19,0.13,0.28,"Age, gender"
adults,Hazardous drinking pattern (total population),2024,Asian men vs non-Asian men,0.25,0.17,0.37,Age
adults,Hazardous drinking pattern (total population),2024,Asian women vs non-Asian women,0.08,0.03,0.2,Age
adults,Hazardous drinking pattern (total population),2024,Most deprived vs least deprived,1.05,0.8,1.39,"Age, gender, ethnic group"
adults,Hazardous drinking pattern (total population),2024,Most deprived vs least deprived - men,1.09,0.81,1.46,"Age, ethnic group"
adults,Hazardous drinking pattern (total population),2024,Most deprived vs least deprived - women,1.0,0.65,1.55,"Age, ethnic group"
adults,Hazardous drinking pattern (total population),2024,Disabled adults vs non-disabled adults,1.47,1.2,1.79,"Age, gender"
adults,Hazardous drinking pattern (past-year drinkers),2024,Men vs women,1.7,1.51,1.91,Age
adults,Hazardous drinking pattern (past-year drinkers),2024,Māori vs non-Māori,1.66,1.46,1.88,"Age, gender"
adults,Hazardous drinking pattern (past-year drinkers),2024,Māori men vs non-Māori men,1.5,1.25,1.8,Age
adults,Hazardous drinking pattern (past-year drinkers),2024,Māori women vs non-Māori women,2.0,1.64,2.44,Age
adults,Hazardous drinking pattern (past-year drinkers),2024,Pacific vs non-Pacific,1.21,0.95,1.56,"Age, gender"
adults,Hazardous drinking pattern (past-year drinkers),2024,Pacific men vs non-Pacific men,1.28,0.94,1.73,Age
adults,Hazardous drinking pattern (past-year drinkers),2024,Pacific women vs non-Pacific women,1.12,0.75,1.66,Age
adults,Hazardous drinking pattern (past-year drinkers),2024,Asian vs non-Asian,0.26,0.18,0.39,"Age, gender"
adults,Hazardous drinking pattern (past-year drinkers),2024,Asian men vs non-Asian men,0.32,0.22,0.46,Age
adults,Hazardous drinking pattern (past-year drinkers),2024,Asian women vs non-Asian women,0.14,0.05,0.36,Age
adults,Hazardous drinking pattern (past-year drinkers),2024,Most deprived vs least deprived,1.26,0.98,1.61,"Age, gender, ethnic group"
adults,Hazardous drinking pattern (past-year drinkers),2024,Most deprived vs least deprived - men,1.29,0.99,1.68,"Age, ethnic group"
adults,Hazardous drinking pattern (past-year drinkers),2024,Most deprived vs least deprived - women,1.2,0.8,1.79,"Age, ethnic group"
adults,Hazardous drinking pattern (past-year drinkers),2024,Disabled adults vs non-disabled adults,1.53,1.27,1.83,"Age, gender"
adults,Heavy episodic drinking at least monthly (total population),2024,Men vs women,2.05,1.75,2.39,Age
adults,Heavy episodic drinking at least monthly (total population),2024,Māori vs non-Māori,1.42,1.24,1.62,"Age, gender"
adults,Heavy episodic drinking at least monthly (total population),2024,Māori men vs non-Māori men,1.24,1.03,1.49,Age
adults,Heavy episodic drinking at least monthly (total population),2024,Māori women vs non-Māori women,1.83,1.46,2.3,Age
adults,Heavy episodic drinking at least monthly (total population),2024,Pacific vs non-Pacific,1.0,0.79,1.26,"Age, gender"
adults,Heavy episodic drinking at least monthly (total population),2024,Pacific men vs non-Pacific men,1.04,0.79,1.36,Age
adults,Heavy episodic drinking at least monthly (total population),2024,Pacific women vs non-Pacific women,0.95,0.63,1.43,Age
adults,Heavy episodic drinking at least monthly (total population),2024,Asian vs non-Asian,0.24,0.19,0.32,"Age, gender"
adults,Heavy episodic drinking at least monthly (total population),2024,Asian men vs non-Asian men,0.33,0.24,0.45,Age
adults,Heavy episodic drinking at least monthly (total population),2024,Asian women vs non-Asian women,0.08,0.03,0.17,Age
adults,Heavy episodic drinking at least monthly (total population),2024,Most deprived vs least deprived,0.8,0.61,1.04,"Age, gender, ethnic group"
adults,Heavy episodic drinking at least monthly (total population),2024,Most deprived vs least deprived - men,0.78,0.57,1.07,"Age, ethnic group"
adults,Heavy episodic drinking at least monthly (total population),2024,Most deprived vs least deprived - women,0.83,0.53,1.3,"Age, ethnic group"
adults,Heavy episodic drinking at least monthly (total population),2024,Disabled adults vs non-disabled adults,1.05,0.83,1.34,"Age, gender"
adults,Heavy episodic drinking at least monthly (past-year drinkers),2024,Men vs women,1.86,1.61,2.16,Age
adults,Heavy episodic drinking at least monthly (past-year drinkers),2024,Māori vs non-Māori,1.4,1.23,1.6,"Age, gender"
adults,Heavy episodic drinking at least monthly (past-year drinkers),2024,Māori men vs non-Māori men,1.28,1.08,1.52,Age
adults,Heavy episodic drinking at least monthly (past-year drinkers),2024,Māori women vs non-Māori women,1.68,1.34,2.09,Age
adults,Heavy episodic drinking at least monthly (past-year drinkers),2024,Pacific vs non-Pacific,1.25,1.01,1.54,"Age, gender"
adults,Heavy episodic drinking at least monthly (past-year drinkers),2024,Pacific men vs non-Pacific men,1.22,0.95,1.57,Age
adults,Heavy episodic drinking at least monthly (past-year drinkers),2024,Pacific women vs non-Pacific women,1.3,0.91,1.87,Age
adults,Heavy episodic drinking at least monthly (past-year drinkers),2024,Asian vs non-Asian,0.34,0.26,0.44,"Age, gender"
adults,Heavy episodic drinking at least monthly (past-year drinkers),2024,Asian men vs non-Asian men,0.42,0.3,0.57,Age
adults,Heavy episodic drinking at least monthly (past-year drinkers),2024,Asian women vs non-Asian women,0.14,0.06,0.32,Age
adults,Heavy episodic drinking at least monthly (past-year drinkers),2024,Most deprived vs least deprived,0.95,0.74,1.21,"Age, gender, ethnic group"
adults,Heavy episodic drinking at least monthly (past-year drinkers),2024,Most deprived vs least deprived - men,0.93,0.69,1.24,"Age, ethnic group"
adults,Heavy episodic drinking at least monthly (past-year drinkers),2024,Most deprived vs least deprived - women,0.97,0.63,1.48,"Age, ethnic group"
adults,Heavy episodic drinking at least monthly (past-year drinkers),2024,Disabled adults vs non-disabled adults,1.1,0.88,1.37,"Age, gender"
adults,Heavy episodic drinking at least weekly (total population),2024,Men vs women,2.31,1.91,2.8,Age
adults,Heavy episodic drinking at least weekly (total population),2024,Māori vs non-Māori,1.56,1.24,1.95,"Age, gender"
adults,Heavy episodic drinking at least weekly (total population),2024,Māori men vs non-Māori men,1.34,0.98,1.83,Age
adults,Heavy episodic drinking at least weekly (total population),2024,Māori women vs non-Māori women,2.16,1.6,2.92,Age
adults,Heavy episodic drinking at least weekly (total population),2024,Pacific vs non-Pacific,0.82,0.55,1.22,"Age, gender"
adults,Heavy episodic drinking at least weekly (total population),2024,Pacific men vs non-Pacific men,0.86,0.56,1.31,Age
adults,Heavy episodic drinking at least weekly (total population),2024,Pacific women vs non-Pacific women,0.77,0.3,2.0,Age
adults,Heavy episodic drinking at least weekly (total population),2024,Asian vs non-Asian,0.16,0.1,0.28,"Age, gender"
adults,Heavy episodic drinking at least weekly (total population),2024,Asian men vs non-Asian men,0.17,0.09,0.32,Age
adults,Heavy episodic drinking at least weekly (total population),2024,Asian women vs non-Asian women,0.15,0.05,0.46,Age
adults,Heavy episodic drinking at least weekly (total population),2024,Most deprived vs least deprived,1.36,0.91,2.04,"Age, gender, ethnic group"
adults,Heavy episodic drinking at least weekly (total population),2024,Most deprived vs least deprived - men,1.42,0.89,2.24,"Age, ethnic group"
adults,Heavy episodic drinking at least weekly (total population),2024,Most deprived vs least deprived - women,1.3,0.71,2.39,"Age, ethnic group"
adults,Heavy episodic drinking at least weekly (total population),2024,Disabled adults vs non-disabled adults,1.1,0.81,1.49,"Age, gender"
adults,Heavy episodic drinking at least weekly (past-year drinkers),2024,Men vs women,2.11,1.75,2.53,Age
adults,Heavy episodic drinking at least weekly (past-year drinkers),2024,Māori vs non-Māori,1.56,1.24,1.95,"Age, gender"
adults,Heavy episodic drinking at least weekly (past-year drinkers),2024,Māori men vs non-Māori men,1.39,1.03,1.88,Age
adults,Heavy episodic drinking at least weekly (past-year drinkers),2024,Māori women vs non-Māori women,2.0,1.47,2.73,Age
adults,Heavy episodic drinking at least weekly (past-year drinkers),2024,Pacific vs non-Pacific,1.02,0.7,1.49,"Age, gender"
adults,Heavy episodic drinking at least weekly (past-year drinkers),2024,Pacific men vs non-Pacific men,1.0,0.66,1.52,Age
adults,Heavy episodic drinking at least weekly (past-year drinkers),2024,Pacific women vs non-Pacific women,1.07,0.44,2.6,Age
adults,Heavy episodic drinking at least weekly (past-year drinkers),2024,Asian vs non-Asian,0.23,0.14,0.38,"Age, gender"
adults,Heavy episodic drinking at least weekly (past-year drinkers),2024,Asian men vs non-Asian men,0.22,0.12,0.4,Age
adults,Heavy episodic drinking at least weekly (past-year drinkers),2024,Asian women vs non-Asian women,0.26,0.08,0.87,Age
adults,Heavy episodic drinking at least weekly (past-year drinkers),2024,Most deprived vs least deprived,1.64,1.12,2.4,"Age, gender, ethnic group"
adults,Heavy episodic drinking at least weekly (past-year drinkers),2024,Most deprived vs least deprived - men,1.69,1.08,2.65,"Age, ethnic group"
adults,Heavy episodic drinking at least weekly (past-year drinkers),2024,Most deprived vs least deprived - women,1.54,0.85,2.79,"Age, ethnic group"
adults,Heavy episodic drinking at least weekly (past-year drinkers),2024,Disabled adults vs non-disabled adults,1.16,0.86,1.57,"Age, gender"
adults,Current smokers,2024,Men vs women,1.69,1.45,1.98,Age
adults,Current smokers,2024,Māori vs non-Māori,2.57,2.17,3.04,"Age, gender"
adults,Current smokers,2024,Māori men vs non-Māori men,1.76,1.39,2.21,Age
adults,Current smokers,2024,Māori women vs non-Māori women,4.62,3.72,5.74,Age
adults,Current smokers,2024,Pacific vs non-Pacific,1.68,1.29,2.2,"Age, gender"
adults,Current smokers,2024,Pacific men vs non-Pacific men,1.66,1.11,2.47,Age
adults,Current smokers,2024,Pacific women vs non-Pacific women,1.71,1.3,2.26,Age
adults,Current smokers,2024,Asian vs non-Asian,0.67,0.5,0.91,"Age, gender"
adults,Current smokers,2024,Asian men vs non-Asian men,0.99,0.7,1.39,Age
adults,Current smokers,2024,Asian women vs non-Asian women,0.14,0.05,0.41,Age
adults,Current smokers,2024,Most deprived vs least deprived,4.0,2.84,5.64,"Age, gender, ethnic group"
adults,Current smokers,2024,Most deprived vs least deprived - men,3.43,2.12,5.54,"Age, ethnic group"
adults,Current smokers,2024,Most deprived vs least deprived - women,5.45,3.52,8.44,"Age, ethnic group"
adults,Current smokers,2024,Disabled adults vs non-disabled adults,1.91,1.55,2.35,"Age, gender"
adults,Daily smokers,2024,Men vs women,1.57,1.32,1.87,Age
adults,Daily smokers,2024,Māori vs non-Māori,2.89,2.43,3.44,"Age, gender"
adults,Daily smokers,2024,Māori men vs non-Māori men,2.0,1.57,2.56,Age
adults,Daily smokers,2024,Māori women vs non-Māori women,4.97,3.96,6.25,Age
adults,Daily smokers,2024,Pacific vs non-Pacific,1.62,1.17,2.25,"Age, gender"
adults,Daily smokers,2024,Pacific men vs non-Pacific men,1.64,1.02,2.65,Age
adults,Daily smokers,2024,Pacific women vs non-Pacific women,1.6,1.15,2.21,Age
adults,Daily smokers,2024,Asian vs non-Asian,0.59,0.43,0.82,"Age, gender"
adults,Daily smokers,2024,Asian men vs non-Asian men,0.94,0.66,1.35,Age
adults,Daily smokers,2024,Asian women vs non-Asian women,0.05,0.02,0.14,Age
adults,Daily smokers,2024,Most deprived vs least deprived,4.86,3.32,7.11,"Age, gender, ethnic group"
adults,Daily smokers,2024,Most deprived vs least deprived - men,4.33,2.54,7.37,"Age, ethnic group"
adults,Daily smokers,2024,Most deprived vs least deprived - women,6.33,3.74,10.71,"Age, ethnic group"
adults,Daily smokers,2024,Disabled adults vs non-disabled adults,1.88,1.47,2.4,"Age, gender"
adults,Ex-smokers,2024,Men vs women,1.23,1.14,1.32,Age
adults,Ex-smokers,2024,Māori vs non-Māori,1.59,1.45,1.74,"Age, gender"
adults,Ex-smokers,2024,Māori men vs non-Māori men,1.38,1.21,1.58,Age
adults,Ex-smokers,2024,Māori women vs non-Māori women,1.84,1.66,2.05,Age
adults,Ex-smokers,2024,Pacific vs non-Pacific,1.0,0.85,1.18,"Age, gender"
adults,Ex-smokers,2024,Pacific men vs non-Pacific men,0.96,0.74,1.25,Age
adults,Ex-smokers,2024,Pacific women vs non-Pacific women,1.04,0.85,1.27,Age
adults,Ex-smokers,2024,Asian vs non-Asian,0.36,0.28,0.45,"Age, gender"
adults,Ex-smokers,2024,Asian men vs non-Asian men,0.53,0.42,0.68,Age
adults,Ex-smokers,2024,Asian women vs non-Asian women,0.15,0.11,0.23,Age
adults,Ex-smokers,2024,Most deprived vs least deprived,1.34,1.14,1.57,"Age, gender, ethnic group"
adults,Ex-smokers,2024,Most deprived vs least deprived - men,1.14,0.93,1.4,"Age, ethnic group"
adults,Ex-smokers,2024,Most deprived vs least deprived - women,1.6,1.29,2.0,"Age, ethnic group"
adults,Ex-smokers,2024,Disabled adults vs non-disabled adults,1.3,1.17,1.44,"Age, gender"
adults,Smoking quit rate,2024,Men vs women,0.71,0.47,1.07,Age
adults,Smoking quit rate,2024,Māori vs non-Māori,0.59,0.39,0.87,"Age, gender"
adults,Smoking quit rate,2024,Māori men vs non-Māori men,0.45,0.23,0.88,Age
adults,Smoking quit rate,2024,Māori women vs non-Māori women,0.69,0.43,1.13,Age
adults,Smoking quit rate,2024,Pacific vs non-Pacific,0.79,0.32,1.94,"Age, gender"
adults,Smoking quit rate,2024,Pacific men vs non-Pacific men,0.82,0.19,3.49,Age
adults,Smoking quit rate,2024,Pacific women vs non-Pacific women,0.78,0.33,1.87,Age
adults,Smoking quit rate,2024,Asian vs non-Asian,0.82,0.28,2.41,"Age, gender"
adults,Smoking quit rate,2024,Asian men vs non-Asian men,0.65,0.16,2.59,Age
adults,Smoking quit rate,2024,Most deprived vs least deprived,1.59,0.64,3.97,"Age, gender, ethnic group"
adults,Smoking quit rate,2024,Disabled adults vs non-disabled adults,1.1,0.58,2.06,"Age, gender"
adults,Heavy smokers (among daily smokers),2024,Men vs women,2.76,1.51,5.04,Age
adults,Heavy smokers (among daily smokers),2024,Māori vs non-Māori,1.19,0.65,2.16,"Age, gender"
adults,Heavy smokers (among daily smokers),2024,Māori men vs non-Māori men,1.33,0.63,2.83,Age
adults,Heavy smokers (among daily smokers),2024,Māori women vs non-Māori women,0.63,0.21,1.89,Age
adults,Heavy smokers (among daily smokers),2024,Pacific vs non-Pacific,0.74,0.14,3.93,"Age, gender"
adults,Heavy smokers (among daily smokers),2024,Pacific men vs non-Pacific men,1.01,0.2,5.25,Age
adults,Heavy smokers (among daily smokers),2024,Disabled adults vs non-disabled adults,2.24,1.0,4.99,"Age, gender"
adults,Mean number of cigarettes,2024,Men vs women,1.21,1.08,1.37,Age
adults,Mean number of cigarettes,2024,Māori vs non-Māori,1.03,0.91,1.17,"Age, gender"
adults,Mean number of cigarettes,2024,Māori men vs non-Māori men,1.09,0.89,1.33,Age
adults,Mean number of cigarettes,2024,Māori women vs non-Māori women,0.93,0.79,1.1,Age
adults,Mean number of cigarettes,2024,Pacific vs non-Pacific,0.74,0.57,0.95,"Age, gender"
adults,Mean number of cigarettes,2024,Pacific men vs non-Pacific men,0.88,0.61,1.25,Age
adults,Mean number of cigarettes,2024,Pacific women vs non-Pacific women,0.54,0.4,0.73,Age
adults,Mean number of cigarettes,2024,Asian vs non-Asian,0.59,0.42,0.81,"Age, gender"
adults,Mean number of cigarettes,2024,Asian men vs non-Asian men,0.62,0.46,0.83,Age
adults,Mean number of cigarettes,2024,Most deprived vs least deprived,1.18,0.89,1.57,"Age, gender, ethnic group"
adults,Mean number of cigarettes,2024,Disabled adults vs non-disabled adults,1.2,0.97,1.49,"Age, gender"
adults,Ever tried vaping,2024,Men vs women,1.21,1.12,1.3,Age
adults,Ever tried vaping,2024,Māori vs non-Māori,1.8,1.64,1.97,"Age, gender"
adults,Ever tried vaping,2024,Māori men vs non-Māori men,1.48,1.31,1.67,Age
adults,Ever tried vaping,2024,Māori women vs non-Māori women,2.23,2.01,2.47,Age
adults,Ever tried vaping,2024,Pacific vs non-Pacific,1.26,1.1,1.44,"Age, gender"
adults,Ever tried vaping,2024,Pacific men vs non-Pacific men,1.21,0.99,1.47,Age
adults,Ever tried vaping,2024,Pacific women vs non-Pacific women,1.33,1.14,1.55,Age
adults,Ever tried vaping,2024,Asian vs non-Asian,0.47,0.4,0.55,"Age, gender"
adults,Ever tried vaping,2024,Asian men vs non-Asian men,0.59,0.49,0.71,Age
adults,Ever tried vaping,2024,Asian women vs non-Asian women,0.32,0.24,0.42,Age
adults,Ever tried vaping,2024,Most deprived vs least deprived,1.3,1.09,1.55,"Age, gender, ethnic group"
adults,Ever tried vaping,2024,Most deprived vs least deprived - men,1.11,0.89,1.39,"Age, ethnic group"
adults,Ever tried vaping,2024,Most deprived vs least deprived - women,1.54,1.23,1.94,"Age, ethnic group"
adults,Ever tried vaping,2024,Disabled adults vs non-disabled adults,1.41,1.26,1.58,"Age, gender"
adults,Monthly vaping,2024,Men vs women,1.26,1.11,1.43,Age
adults,Monthly vaping,2024,Māori vs non-Māori,2.38,2.11,2.69,"Age, gender"
adults,Monthly vaping,2024,Māori men vs non-Māori men,2.03,1.73,2.38,Age
adults,Monthly vaping,2024,Māori women vs non-Māori women,2.91,2.4,3.54,Age
adults,Monthly vaping,2024,Pacific vs non-Pacific,1.36,1.1,1.69,"Age, gender"
adults,Monthly vaping,2024,Pacific men vs non-Pacific men,1.12,0.8,1.57,Age
adults,Monthly vaping,2024,Pacific women vs non-Pacific women,1.64,1.24,2.15,Age
adults,Monthly vaping,2024,Asian vs non-Asian,0.42,0.33,0.53,"Age, gender"
adults,Monthly vaping,2024,Asian men vs non-Asian men,0.58,0.44,0.77,Age
adults,Monthly vaping,2024,Asian women vs non-Asian women,0.19,0.12,0.31,Age
adults,Monthly vaping,2024,Most deprived vs least deprived,2.4,1.77,3.24,"Age, gender, ethnic group"
adults,Monthly vaping,2024,Most deprived vs least deprived - men,1.68,1.14,2.47,"Age, ethnic group"
adults,Monthly vaping,2024,Most deprived vs least deprived - women,3.77,2.39,5.95,"Age, ethnic group"
adults,Monthly vaping,2024,Disabled adults vs non-disabled adults,1.7,1.38,2.08,"Age, gender"
adults,Daily vaping,2024,Men vs women,1.19,1.03,1.38,Age
adults,Daily vaping,2024,Māori vs non-Māori,2.58,2.26,2.95,"Age, gender"
adults,Daily vaping,2024,Māori men vs non-Māori men,2.22,1.85,2.68,Age
adults,Daily vaping,2024,Māori women vs non-Māori women,3.1,2.55,3.77,Age
adults,Daily vaping,2024,Pacific vs non-Pacific,1.44,1.14,1.8,"Age, gender"
adults,Daily vaping,2024,Pacific men vs non-Pacific men,1.14,0.8,1.62,Age
adults,Daily vaping,2024,Pacific women vs non-Pacific women,1.77,1.33,2.36,Age
adults,Daily vaping,2024,Asian vs non-Asian,0.32,0.23,0.43,"Age, gender"
adults,Daily vaping,2024,Asian men vs non-Asian men,0.47,0.33,0.67,Age
adults,Daily vaping,2024,Asian women vs non-Asian women,0.12,0.06,0.22,Age
adults,Daily vaping,2024,Most deprived vs least deprived,2.41,1.73,3.34,"Age, gender, ethnic group"
adults,Daily vaping,2024,Most deprived vs least deprived - men,1.71,1.11,2.65,"Age, ethnic group"
adults,Daily vaping,2024,Most deprived vs least deprived - women,3.61,2.2,5.91,"Age, ethnic group"
adults,Daily vaping,2024,Disabled adults vs non-disabled adults,1.74,1.4,2.16,"Age, gender"
adults,Daily smoker and daily vaper,2024,Men vs women,1.55,1.01,2.38,Age
adults,Daily smoker and daily vaper,2024,Māori vs non-Māori,3.45,2.21,5.38,"Age, gender"
adults,Daily smoker and daily vaper,2024,Māori men vs non-Māori men,2.33,1.12,4.85,Age
adults,Daily smoker and daily vaper,2024,Māori women vs non-Māori women,6.1,3.56,10.44,Age
adults,Daily smoker and daily vaper,2024,Pacific vs non-Pacific,1.35,0.71,2.54,"Age, gender"
adults,Daily smoker and daily vaper,2024,Pacific men vs non-Pacific men,1.34,0.49,3.69,Age
adults,Daily smoker and daily vaper,2024,Pacific women vs non-Pacific women,1.38,0.62,3.07,Age
adults,Daily smoker and daily vaper,2024,Asian vs non-Asian,0.64,0.3,1.35,"Age, gender"
adults,Daily smoker and daily vaper,2024,Asian men vs non-Asian men,0.99,0.44,2.24,Age
adults,Daily smoker and daily vaper,2024,Most deprived vs least deprived,3.57,1.26,10.1,"Age, gender, ethnic group"
adults,Daily smoker and daily vaper,2024,Most deprived vs least deprived - men,2.33,0.55,9.89,"Age, ethnic group"
adults,Daily smoker and daily vaper,2024,Most deprived vs least deprived - women,6.55,2.16,19.89,"Age, ethnic group"
adults,Daily smoker and daily vaper,2024,Disabled adults vs non-disabled adults,2.2,1.34,3.6,"Age, gender"
adults,Daily smoker and/or daily vaper,2024,Men vs women,1.3,1.17,1.45,Age
adults,Daily smoker and/or daily vaper,2024,Māori vs non-Māori,2.64,2.37,2.94,"Age, gender"
adults,Daily smoker and/or daily vaper,2024,Māori men vs non-Māori men,2.13,1.84,2.47,Age
adults,Daily smoker and/or daily vaper,2024,Māori women vs non-Māori women,3.5,3.0,4.07,Age
adults,Daily smoker and/or daily vaper,2024,Pacific vs non-Pacific,1.51,1.26,1.8,"Age, gender"
adults,Daily smoker and/or daily vaper,2024,Pacific men vs non-Pacific men,1.3,0.99,1.72,Age
adults,Daily smoker and/or daily vaper,2024,Pacific women vs non-Pacific women,1.75,1.39,2.19,Age
adults,Daily smoker and/or daily vaper,2024,Asian vs non-Asian,0.38,0.3,0.47,"Age, gender"
adults,Daily smoker and/or daily vaper,2024,Asian men vs non-Asian men,0.59,0.45,0.76,Age
adults,Daily smoker and/or daily vaper,2024,Asian women vs non-Asian women,0.1,0.06,0.18,Age
adults,Daily smoker and/or daily vaper,2024,Most deprived vs least deprived,3.07,2.35,4.02,"Age, gender, ethnic group"
adults,Daily smoker and/or daily vaper,2024,Most deprived vs least deprived - men,2.43,1.69,3.5,"Age, ethnic group"
adults,Daily smoker and/or daily vaper,2024,Most deprived vs least deprived - women,4.29,2.87,6.41,"Age, ethnic group"
adults,Daily smoker and/or daily vaper,2024,Disabled adults vs non-disabled adults,1.74,1.49,2.04,"Age, gender"
adults,Daily smoker only,2024,Men vs women,1.57,1.28,1.91,Age
adults,Daily smoker only,2024,Māori vs non-Māori,2.77,2.22,3.45,"Age, gender"
adults,Daily smoker only,2024,Māori men vs non-Māori men,1.94,1.44,2.61,Age
adults,Daily smoker only,2024,Māori women vs non-Māori women,4.71,3.6,6.17,Age
adults,Daily smoker only,2024,Pacific vs non-Pacific,1.72,1.16,2.54,"Age, gender"
adults,Daily smoker only,2024,Pacific men vs non-Pacific men,1.75,1.03,2.98,Age
adults,Daily smoker only,2024,Pacific women vs non-Pacific women,1.66,1.12,2.48,Age
adults,Daily smoker only,2024,Asian vs non-Asian,0.58,0.4,0.85,"Age, gender"
adults,Daily smoker only,2024,Asian men vs non-Asian men,0.94,0.61,1.43,Age
adults,Daily smoker only,2024,Asian women vs non-Asian women,0.05,0.01,0.19,Age
adults,Daily smoker only,2024,Most deprived vs least deprived,5.23,3.4,8.02,"Age, gender, ethnic group"
adults,Daily smoker only,2024,Most deprived vs least deprived - men,5.05,2.72,9.38,"Age, ethnic group"
adults,Daily smoker only,2024,Most deprived vs least deprived - women,6.23,3.53,11.01,"Age, ethnic group"
adults,Daily smoker only,2024,Disabled adults vs non-disabled adults,1.78,1.34,2.37,"Age, gender"
adults,Daily vaper only,2024,Men vs women,1.15,0.99,1.35,Age
adults,Daily vaper only,2024,Māori vs non-Māori,2.47,2.12,2.88,"Age, gender"
adults,Daily vaper only,2024,Māori men vs non-Māori men,2.21,1.78,2.74,Age
adults,Daily vaper only,2024,Māori women vs non-Māori women,2.84,2.3,3.52,Age
adults,Daily vaper only,2024,Pacific vs non-Pacific,1.42,1.11,1.8,"Age, gender"
adults,Daily vaper only,2024,Pacific men vs non-Pacific men,1.06,0.7,1.6,Age
adults,Daily vaper only,2024,Pacific women vs non-Pacific women,1.8,1.33,2.44,Age
adults,Daily vaper only,2024,Asian vs non-Asian,0.28,0.2,0.39,"Age, gender"
adults,Daily vaper only,2024,Asian men vs non-Asian men,0.4,0.27,0.6,Age
adults,Daily vaper only,2024,Asian women vs non-Asian women,0.12,0.06,0.24,Age
adults,Daily vaper only,2024,Most deprived vs least deprived,2.27,1.57,3.29,"Age, gender, ethnic group"
adults,Daily vaper only,2024,Most deprived vs least deprived - men,1.62,1.02,2.58,"Age, ethnic group"
adults,Daily vaper only,2024,Most deprived vs least deprived - women,3.35,1.97,5.7,"Age, ethnic group"
adults,Daily vaper only,2024,Disabled adults vs non-disabled adults,1.69,1.31,2.2,"Age, gender"
adults,Second-hand smoke inside home,2024,Men vs women,1.39,1.08,1.8,Age
adults,Second-hand smoke inside home,2024,Māori vs non-Māori,2.17,1.6,2.93,"Age, gender"
adults,Second-hand smoke inside home,2024,Māori men vs non-Māori men,2.03,1.37,3.0,Age
adults,Second-hand smoke inside home,2024,Māori women vs non-Māori women,2.48,1.61,3.81,Age
adults,Second-hand smoke inside home,2024,Pacific vs non-Pacific,1.94,1.34,2.81,"Age, gender"
adults,Second-hand smoke inside home,2024,Pacific men vs non-Pacific men,1.11,0.48,2.57,Age
adults,Second-hand smoke inside home,2024,Pacific women vs non-Pacific women,3.09,1.92,4.97,Age
adults,Second-hand smoke inside home,2024,Asian vs non-Asian,0.73,0.44,1.21,"Age, gender"
adults,Second-hand smoke inside home,2024,Asian men vs non-Asian men,0.97,0.51,1.83,Age
adults,Second-hand smoke inside home,2024,Asian women vs non-Asian women,0.45,0.16,1.24,Age
adults,Second-hand smoke inside home,2024,Most deprived vs least deprived,6.17,3.55,10.72,"Age, gender, ethnic group"
adults,Second-hand smoke inside home,2024,Most deprived vs least deprived - men,8.78,3.61,21.36,"Age, ethnic group"
adults,Second-hand smoke inside home,2024,Most deprived vs least deprived - women,4.79,2.27,10.1,"Age, ethnic group"
adults,Second-hand smoke inside home,2024,Disabled adults vs non-disabled adults,2.15,1.54,2.99,"Age, gender"
adults,Second-hand smoke inside car or van,2024,Men vs women,1.62,1.3,2.03,Age
adults,Second-hand smoke inside car or van,2024,Māori vs non-Māori,2.97,2.3,3.84,"Age, gender"
adults,Second-hand smoke inside car or van,2024,Māori men vs non-Māori men,2.52,1.82,3.5,Age
adults,Second-hand smoke inside car or van,2024,Māori women vs non-Māori women,3.74,2.74,5.1,Age
adults,Second-hand smoke inside car or van,2024,Pacific vs non-Pacific,2.01,1.38,2.94,"Age, gender"
adults,Second-hand smoke inside car or van,2024,Pacific men vs non-Pacific men,2.0,1.27,3.15,Age
adults,Second-hand smoke inside car or van,2024,Pacific women vs non-Pacific women,2.03,1.11,3.72,Age
adults,Second-hand smoke inside car or van,2024,Asian vs non-Asian,0.54,0.32,0.9,"Age, gender"
adults,Second-hand smoke inside car or van,2024,Asian men vs non-Asian men,0.7,0.4,1.24,Age
adults,Second-hand smoke inside car or van,2024,Asian women vs non-Asian women,0.24,0.1,0.61,Age
adults,Second-hand smoke inside car or van,2024,Most deprived vs least deprived,4.47,2.82,7.08,"Age, gender, ethnic group"
adults,Second-hand smoke inside car or van,2024,Most deprived vs least deprived - men,4.11,2.26,7.48,"Age, ethnic group"
adults,Second-hand smoke inside car or van,2024,Most deprived vs least deprived - women,5.17,2.19,12.21,"Age, ethnic group"
adults,Second-hand smoke inside car or van,2024,Disabled adults vs non-disabled adults,2.51,1.76,3.57,"Age, gender"
adults,Cannabis use - past 12 months,2024,Men vs women,1.62,1.43,1.83,Age
adults,Cannabis use - past 12 months,2024,Māori vs non-Māori,2.24,1.96,2.57,"Age, gender"
adults,Cannabis use - past 12 months,2024,Māori men vs non-Māori men,1.99,1.65,2.39,Age
adults,Cannabis use - past 12 months,2024,Māori women vs non-Māori women,2.78,2.21,3.5,Age
adults,Cannabis use - past 12 months,2024,Pacific vs non-Pacific,0.77,0.57,1.02,"Age, gender"
adults,Cannabis use - past 12 months,2024,Pacific men vs non-Pacific men,0.71,0.49,1.04,Age
adults,Cannabis use - past 12 months,2024,Pacific women vs non-Pacific women,0.84,0.54,1.3,Age
adults,Cannabis use - past 12 months,2024,Asian vs non-Asian,0.19,0.13,0.28,"Age, gender"
adults,Cannabis use - past 12 months,2024,Asian men vs non-Asian men,0.19,0.12,0.31,Age
adults,Cannabis use - past 12 months,2024,Asian women vs non-Asian women,0.17,0.08,0.39,Age
adults,Cannabis use - past 12 months,2024,Most deprived vs least deprived,1.28,0.9,1.81,"Age, gender, ethnic group"
adults,Cannabis use - past 12 months,2024,Most deprived vs least deprived - men,1.28,0.86,1.89,"Age, ethnic group"
adults,Cannabis use - past 12 months,2024,Most deprived vs least deprived - women,1.3,0.82,2.05,"Age, ethnic group"
adults,Cannabis use - past 12 months,2024,Disabled adults vs non-disabled adults,2.0,1.69,2.36,"Age, gender"
adults,Cannabis use - weekly,2024,Men vs women,1.92,1.54,2.4,Age
adults,Cannabis use - weekly,2024,Māori vs non-Māori,2.86,2.31,3.55,"Age, gender"
adults,Cannabis use - weekly,2024,Māori men vs non-Māori men,2.55,1.89,3.44,Age
adults,Cannabis use - weekly,2024,Māori women vs non-Māori women,3.54,2.33,5.37,Age
adults,Cannabis use - weekly,2024,Pacific vs non-Pacific,0.55,0.32,0.94,"Age, gender"
adults,Cannabis use - weekly,2024,Pacific men vs non-Pacific men,0.66,0.32,1.36,Age
adults,Cannabis use - weekly,2024,Pacific women vs non-Pacific women,0.38,0.18,0.8,Age
adults,Cannabis use - weekly,2024,Asian vs non-Asian,0.21,0.11,0.4,"Age, gender"
adults,Cannabis use - weekly,2024,Asian men vs non-Asian men,0.27,0.12,0.58,Age
adults,Cannabis use - weekly,2024,Most deprived vs least deprived,2.9,1.65,5.12,"Age, gender, ethnic group"
adults,Cannabis use - weekly,2024,Most deprived vs least deprived - men,3.14,1.54,6.42,"Age, ethnic group"
adults,Cannabis use - weekly,2024,Most deprived vs least deprived - women,2.43,1.13,5.19,"Age, ethnic group"
adults,Cannabis use - weekly,2024,Disabled adults vs non-disabled adults,2.77,2.16,3.57,"Age, gender"
adults,Cocaine use - past 12 months,2024,Men vs women,1.52,1.08,2.14,Age
adults,Cocaine use - past 12 months,2024,Māori vs non-Māori,1.93,1.24,3.01,"Age, gender"
adults,Cocaine use - past 12 months,2024,Māori men vs non-Māori men,1.98,1.16,3.38,Age
adults,Cocaine use - past 12 months,2024,Māori women vs non-Māori women,1.85,0.93,3.69,Age
adults,Cocaine use - past 12 months,2024,Pacific vs non-Pacific,0.54,0.13,2.2,"Age, gender"
adults,Cocaine use - past 12 months,2024,Pacific men vs non-Pacific men,0.12,0.02,0.81,Age
adults,Cocaine use - past 12 months,2024,Pacific women vs non-Pacific women,1.14,0.2,6.41,Age
adults,Cocaine use - past 12 months,2024,Asian vs non-Asian,0.05,0.01,0.32,"Age, gender"
adults,Cocaine use - past 12 months,2024,Asian men vs non-Asian men,0.08,0.01,0.52,Age
adults,Cocaine use - past 12 months,2024,Most deprived vs least deprived,0.6,0.3,1.19,"Age, gender, ethnic group"
adults,Cocaine use - past 12 months,2024,Most deprived vs least deprived - men,0.64,0.28,1.47,"Age, ethnic group"
adults,Cocaine use - past 12 months,2024,Most deprived vs least deprived - women,0.54,0.19,1.51,"Age, ethnic group"
adults,Cocaine use - past 12 months,2024,Disabled adults vs non-disabled adults,0.83,0.41,1.67,"Age, gender"
adults,Ecstasy/MDMA use - past 12 months,2024,Men vs women,1.6,1.22,2.1,Age
adults,Ecstasy/MDMA use - past 12 months,2024,Māori vs non-Māori,1.62,1.2,2.18,"Age, gender"
adults,Ecstasy/MDMA use - past 12 months,2024,Māori men vs non-Māori men,1.56,1.08,2.25,Age
adults,Ecstasy/MDMA use - past 12 months,2024,Māori women vs non-Māori women,1.85,1.21,2.83,Age
adults,Ecstasy/MDMA use - past 12 months,2024,Pacific vs non-Pacific,0.44,0.19,0.98,"Age, gender"
adults,Ecstasy/MDMA use - past 12 months,2024,Pacific men vs non-Pacific men,0.29,0.1,0.85,Age
adults,Ecstasy/MDMA use - past 12 months,2024,Pacific women vs non-Pacific women,0.67,0.17,2.62,Age
adults,Ecstasy/MDMA use - past 12 months,2024,Asian vs non-Asian,0.15,0.06,0.34,"Age, gender"
adults,Ecstasy/MDMA use - past 12 months,2024,Asian men vs non-Asian men,0.12,0.03,0.45,Age
adults,Ecstasy/MDMA use - past 12 months,2024,Most deprived vs least deprived,0.6,0.34,1.07,"Age, gender, ethnic group"
adults,Ecstasy/MDMA use - past 12 months,2024,Most deprived vs least deprived - men,0.79,0.41,1.51,"Age, ethnic group"
adults,Ecstasy/MDMA use - past 12 months,2024,Most deprived vs least deprived - women,0.45,0.18,1.13,"Age, ethnic group"
adults,Ecstasy/MDMA use - past 12 months,2024,Disabled adults vs non-disabled adults,1.25,0.71,2.19,"Age, gender"
adults,Amphetamine-type stimulant use - past 12 months,2024,Men vs women,2.81,1.43,5.52,Age
adults,Amphetamine-type stimulant use - past 12 months,2024,Māori vs non-Māori,2.41,1.27,4.59,"Age, gender"
adults,Amphetamine-type stimulant use - past 12 months,2024,Māori men vs non-Māori men,1.83,0.86,3.92,Age
adults,Amphetamine-type stimulant use - past 12 months,2024,Māori women vs non-Māori women,4.4,1.28,15.16,Age
adults,Amphetamine-type stimulant use - past 12 months,2024,Most deprived vs least deprived,1.19,0.45,3.1,"Age, gender, ethnic group"
adults,Amphetamine-type stimulant use - past 12 months,2024,Most deprived vs least deprived - men,0.68,0.22,2.15,"Age, ethnic group"
adults,Amphetamine-type stimulant use - past 12 months,2024,Most deprived vs least deprived - women,6.21,1.46,26.48,"Age, ethnic group"
adults,Amphetamine-type stimulant use - past 12 months,2024,Disabled adults vs non-disabled adults,3.33,1.79,6.16,"Age, gender"
adults,Sedative or sleeping pill use - past 12 months,2024,Men vs women,0.81,0.53,1.24,Age
adults,Sedative or sleeping pill use - past 12 months,2024,Māori vs non-Māori,2.04,1.23,3.39,"Age, gender"
adults,Sedative or sleeping pill use - past 12 months,2024,Māori men vs non-Māori men,2.4,1.13,5.07,Age
adults,Sedative or sleeping pill use - past 12 months,2024,Māori women vs non-Māori women,1.75,0.82,3.73,Age
adults,Sedative or sleeping pill use - past 12 months,2024,Pacific vs non-Pacific,1.06,0.28,4.05,"Age, gender"
adults,Sedative or sleeping pill use - past 12 months,2024,Asian vs non-Asian,0.17,0.05,0.51,"Age, gender"
adults,Sedative or sleeping pill use - past 12 months,2024,Asian women vs non-Asian women,0.1,0.02,0.41,Age
adults,Sedative or sleeping pill use - past 12 months,2024,Most deprived vs least deprived,0.54,0.22,1.34,"Age, gender, ethnic group"
adults,Sedative or sleeping pill use - past 12 months,2024,Most deprived vs least deprived - men,0.34,0.11,1.08,"Age, ethnic group"
adults,Sedative or sleeping pill use - past 12 months,2024,Most deprived vs least deprived - women,0.78,0.2,2.98,"Age, ethnic group"
adults,Sedative or sleeping pill use - past 12 months,2024,Disabled adults vs non-disabled adults,1.76,0.92,3.34,"Age, gender"
adults,Hallucinogen use - past 12 months,2024,Men vs women,1.95,1.28,2.98,Age
adults,Hallucinogen use - past 12 months,2024,Māori vs non-Māori,1.69,1.07,2.66,"Age, gender"
adults,Hallucinogen use - past 12 months,2024,Māori men vs non-Māori men,1.06,0.57,1.98,Age
adults,Hallucinogen use - past 12 months,2024,Māori women vs non-Māori women,3.73,1.98,7.0,Age
adults,Hallucinogen use - past 12 months,2024,Pacific vs non-Pacific,0.56,0.13,2.38,"Age, gender"
adults,Hallucinogen use - past 12 months,2024,Asian vs non-Asian,0.21,0.08,0.55,"Age, gender"
adults,Hallucinogen use - past 12 months,2024,Asian men vs non-Asian men,0.26,0.09,0.81,Age
adults,Hallucinogen use - past 12 months,2024,Most deprived vs least deprived,0.56,0.26,1.22,"Age, gender, ethnic group"
adults,Hallucinogen use - past 12 months,2024,Most deprived vs least deprived - men,0.51,0.2,1.31,"Age, ethnic group"
adults,Hallucinogen use - past 12 months,2024,Most deprived vs least deprived - women,0.81,0.16,4.18,"Age, ethnic group"
adults,Hallucinogen use - past 12 months,2024,Disabled adults vs non-disabled adults,2.3,1.28,4.14,"Age, gender"
adults,Opioid use - past 12 months,2024,Men vs women,1.18,0.58,2.4,Age
adults,Opioid use - past 12 months,2024,Māori vs non-Māori,3.77,1.83,7.76,"Age, gender"
adults,Opioid use - past 12 months,2024,Māori men vs non-Māori men,4.14,1.38,12.45,Age
adults,Opioid use - past 12 months,2024,Māori women vs non-Māori women,3.35,1.24,9.03,Age
adults,Opioid use - past 12 months,2024,Asian vs non-Asian,0.08,0.01,0.52,"Age, gender"
adults,Opioid use - past 12 months,2024,Most deprived vs least deprived,0.33,0.09,1.17,"Age, gender, ethnic group"
adults,Opioid use - past 12 months,2024,Most deprived vs least deprived - women,1.28,0.48,3.45,"Age, ethnic group"
adults,Opioid use - past 12 months,2024,Disabled adults vs non-disabled adults,3.02,1.18,7.73,"Age, gender"
adults,Meets fruit recommendation,2024,Men vs women,0.81,0.77,0.86,Age
adults,Meets fruit recommendation,2024,Māori vs non-Māori,0.9,0.83,0.96,"Age, gender"
adults,Meets fruit recommendation,2024,Māori men vs non-Māori men,0.84,0.73,0.95,Age
adults,Meets fruit recommendation,2024,Māori women vs non-Māori women,0.95,0.87,1.03,Age
adults,Meets fruit recommendation,2024,Pacific vs non-Pacific,0.86,0.75,0.97,"Age, gender"
adults,Meets fruit recommendation,2024,Pacific men vs non-Pacific men,0.91,0.73,1.14,Age
adults,Meets fruit recommendation,2024,Pacific women vs non-Pacific women,0.83,0.71,0.96,Age
adults,Meets fruit recommendation,2024,Asian vs non-Asian,0.85,0.77,0.93,"Age, gender"
adults,Meets fruit recommendation,2024,Asian men vs non-Asian men,0.85,0.74,0.98,Age
adults,Meets fruit recommendation,2024,Asian women vs non-Asian women,0.85,0.75,0.95,Age
adults,Meets fruit recommendation,2024,Most deprived vs least deprived,0.72,0.64,0.81,"Age, gender, ethnic group"
adults,Meets fruit recommendation,2024,Most deprived vs least deprived - men,0.72,0.59,0.87,"Age, ethnic group"
adults,Meets fruit recommendation,2024,Most deprived vs least deprived - women,0.73,0.64,0.83,"Age, ethnic group"
adults,Meets fruit recommendation,2024,Disabled adults vs non-disabled adults,0.81,0.72,0.9,"Age, gender"
adults,Meets vegetable recommendation,2024,Men vs women,0.4,0.32,0.51,Age
adults,Meets vegetable recommendation,2024,Māori vs non-Māori,1.26,0.92,1.72,"Age, gender"
adults,Meets vegetable recommendation,2024,Māori men vs non-Māori men,1.79,0.91,3.5,Age
adults,Meets vegetable recommendation,2024,Māori women vs non-Māori women,1.09,0.84,1.41,Age
adults,Meets vegetable recommendation,2024,Pacific vs non-Pacific,0.75,0.43,1.29,"Age, gender"
adults,Meets vegetable recommendation,2024,Pacific men vs non-Pacific men,0.93,0.27,3.21,Age
adults,Meets vegetable recommendation,2024,Pacific women vs non-Pacific women,0.71,0.37,1.37,Age
adults,Meets vegetable recommendation,2024,Asian vs non-Asian,0.34,0.25,0.48,"Age, gender"
adults,Meets vegetable recommendation,2024,Asian men vs non-Asian men,0.21,0.06,0.71,Age
adults,Meets vegetable recommendation,2024,Asian women vs non-Asian women,0.4,0.27,0.59,Age
adults,Meets vegetable recommendation,2024,Most deprived vs least deprived,0.71,0.47,1.07,"Age, gender, ethnic group"
adults,Meets vegetable recommendation,2024,Most deprived vs least deprived - men,0.96,0.42,2.2,"Age, ethnic group"
adults,Meets vegetable recommendation,2024,Most deprived vs least deprived - women,0.64,0.43,0.95,"Age, ethnic group"
adults,Meets vegetable recommendation,2024,Disabled adults vs non-disabled adults,0.94,0.72,1.23,"Age, gender"
adults,Meets both vegetable and fruit recommendation,2024,Men vs women,0.34,0.25,0.47,Age
adults,Meets both vegetable and fruit recommendation,2024,Māori vs non-Māori,1.25,0.9,1.74,"Age, gender"
adults,Meets both vegetable and fruit recommendation,2024,Māori men vs non-Māori men,1.73,0.75,4.0,Age
adults,Meets both vegetable and fruit recommendation,2024,Māori women vs non-Māori women,1.13,0.82,1.55,Age
adults,Meets both vegetable and fruit recommendation,2024,Pacific vs non-Pacific,0.84,0.41,1.73,"Age, gender"
adults,Meets both vegetable and fruit recommendation,2024,Pacific women vs non-Pacific women,0.84,0.36,1.97,Age
adults,Meets both vegetable and fruit recommendation,2024,Asian vs non-Asian,0.31,0.17,0.54,"Age, gender"
adults,Meets both vegetable and fruit recommendation,2024,Asian women vs non-Asian women,0.34,0.19,0.62,Age
adults,Meets both vegetable and fruit recommendation,2024,Most deprived vs least deprived,0.56,0.33,0.96,"Age, gender, ethnic group"
adults,Meets both vegetable and fruit recommendation,2024,Most deprived vs least deprived - men,0.69,0.22,2.17,"Age, ethnic group"
adults,Meets both vegetable and fruit recommendation,2024,Most deprived vs least deprived - women,0.53,0.31,0.92,"Age, ethnic group"
adults,Meets both vegetable and fruit recommendation,2024,Disabled adults vs non-disabled adults,0.83,0.58,1.18,"Age, gender"
adults,Sleeps less than recommended,2024,Men vs women,0.96,0.86,1.06,Age
adults,Sleeps less than recommended,2024,Māori vs non-Māori,1.47,1.33,1.61,"Age, gender"
adults,Sleeps less than recommended,2024,Māori men vs non-Māori men,1.45,1.24,1.7,Age
adults,Sleeps less than recommended,2024,Māori women vs non-Māori women,1.46,1.31,1.63,Age
adults,Sleeps less than recommended,2024,Pacific vs non-Pacific,1.41,1.23,1.62,"Age, gender"
adults,Sleeps less than recommended,2024,Pacific men vs non-Pacific men,1.31,1.03,1.67,Age
adults,Sleeps less than recommended,2024,Pacific women vs non-Pacific women,1.5,1.26,1.77,Age
adults,Sleeps less than recommended,2024,Asian vs non-Asian,0.9,0.79,1.03,"Age, gender"
adults,Sleeps less than recommended,2024,Asian men vs non-Asian men,0.96,0.79,1.16,Age
adults,Sleeps less than recommended,2024,Asian women vs non-Asian women,0.85,0.7,1.02,Age
adults,Sleeps less than recommended,2024,Most deprived vs least deprived,1.24,1.05,1.47,"Age, gender, ethnic group"
adults,Sleeps less than recommended,2024,Most deprived vs least deprived - men,1.39,1.04,1.86,"Age, ethnic group"
adults,Sleeps less than recommended,2024,Most deprived vs least deprived - women,1.12,0.88,1.42,"Age, ethnic group"
adults,Sleeps less than recommended,2024,Disabled adults vs non-disabled adults,1.6,1.4,1.82,"Age, gender"
adults,Meets sleep duration recommendations,2024,Men vs women,1.01,0.97,1.05,Age
adults,Meets sleep duration recommendations,2024,Māori vs non-Māori,0.82,0.78,0.87,"Age, gender"
adults,Meets sleep duration recommendations,2024,Māori men vs non-Māori men,0.83,0.76,0.91,Age
adults,Meets sleep duration recommendations,2024,Māori women vs non-Māori women,0.82,0.77,0.88,Age
adults,Meets sleep duration recommendations,2024,Pacific vs non-Pacific,0.8,0.72,0.88,"Age, gender"
adults,Meets sleep duration recommendations,2024,Pacific men vs non-Pacific men,0.85,0.74,0.97,Age
adults,Meets sleep duration recommendations,2024,Pacific women vs non-Pacific women,0.75,0.66,0.86,Age
adults,Meets sleep duration recommendations,2024,Asian vs non-Asian,1.07,1.01,1.12,"Age, gender"
adults,Meets sleep duration recommendations,2024,Asian men vs non-Asian men,1.03,0.95,1.11,Age
adults,Meets sleep duration recommendations,2024,Asian women vs non-Asian women,1.1,1.03,1.18,Age
adults,Meets sleep duration recommendations,2024,Most deprived vs least deprived,0.88,0.82,0.95,"Age, gender, ethnic group"
adults,Meets sleep duration recommendations,2024,Most deprived vs least deprived - men,0.83,0.75,0.93,"Age, ethnic group"
adults,Meets sleep duration recommendations,2024,Most deprived vs least deprived - women,0.94,0.84,1.04,"Age, ethnic group"
adults,Meets sleep duration recommendations,2024,Disabled adults vs non-disabled adults,0.71,0.64,0.78,"Age, gender"
adults,Sleeps more than recommended,2024,Men vs women,1.12,0.91,1.38,Age
adults,Sleeps more than recommended,2024,Māori vs non-Māori,1.1,0.85,1.42,"Age, gender"
adults,Sleeps more than recommended,2024,Māori men vs non-Māori men,1.06,0.72,1.58,Age
adults,Sleeps more than recommended,2024,Māori women vs non-Māori women,1.05,0.77,1.43,Age
adults,Sleeps more than recommended,2024,Pacific vs non-Pacific,1.69,1.2,2.39,"Age, gender"
adults,Sleeps more than recommended,2024,Pacific men vs non-Pacific men,1.52,0.8,2.89,Age
adults,Sleeps more than recommended,2024,Pacific women vs non-Pacific women,1.87,1.32,2.66,Age
adults,Sleeps more than recommended,2024,Asian vs non-Asian,0.65,0.41,1.04,"Age, gender"
adults,Sleeps more than recommended,2024,Asian men vs non-Asian men,0.79,0.44,1.4,Age
adults,Sleeps more than recommended,2024,Asian women vs non-Asian women,0.52,0.23,1.17,Age
adults,Sleeps more than recommended,2024,Most deprived vs least deprived,1.53,0.96,2.44,"Age, gender, ethnic group"
adults,Sleeps more than recommended,2024,Most deprived vs least deprived - men,1.85,1.05,3.28,"Age, ethnic group"
adults,Sleeps more than recommended,2024,Most deprived vs least deprived - women,1.25,0.72,2.17,"Age, ethnic group"
adults,Sleeps more than recommended,2024,Disabled adults vs non-disabled adults,1.7,1.35,2.14,"Age, gender"
adults,Mean number of hours of sleep,2024,Men vs women,1.0,0.99,1.01,Age
adults,Mean number of hours of sleep,2024,Māori vs non-Māori,0.97,0.95,0.98,"Age, gender"
adults,Mean number of hours of sleep,2024,Māori men vs non-Māori men,0.97,0.95,0.99,Age
adults,Mean number of hours of sleep,2024,Māori women vs non-Māori women,0.96,0.94,0.97,Age
adults,Mean number of hours of sleep,2024,Pacific vs non-Pacific,0.97,0.95,0.99,"Age, gender"
adults,Mean number of hours of sleep,2024,Pacific men vs non-Pacific men,0.97,0.94,1.01,Age
adults,Mean number of hours of sleep,2024,Pacific women vs non-Pacific women,0.96,0.94,0.98,Age
adults,Mean number of hours of sleep,2024,Asian vs non-Asian,1.01,0.99,1.02,"Age, gender"
adults,Mean number of hours of sleep,2024,Asian men vs non-Asian men,1.01,0.99,1.03,Age
adults,Mean number of hours of sleep,2024,Asian women vs non-Asian women,1.0,0.98,1.02,Age
adults,Mean number of hours of sleep,2024,Most deprived vs least deprived,0.99,0.97,1.01,"Age, gender, ethnic group"
adults,Mean number of hours of sleep,2024,Most deprived vs least deprived - men,0.99,0.96,1.02,"Age, ethnic group"
adults,Mean number of hours of sleep,2024,Most deprived vs least deprived - women,0.99,0.97,1.01,"Age, ethnic group"
adults,Mean number of hours of sleep,2024,Disabled adults vs non-disabled adults,0.98,0.96,1.01,"Age, gender"
adults,Physically active,2024,Men vs women,1.11,1.05,1.18,Age
adults,Physically active,2024,Māori vs non-Māori,1.01,0.93,1.11,"Age, gender"
adults,Physically active,2024,Māori men vs non-Māori men,0.99,0.88,1.12,Age
adults,Physically active,2024,Māori women vs non-Māori women,1.04,0.93,1.16,Age
adults,Physically active,2024,Pacific vs non-Pacific,0.89,0.79,1.01,"Age, gender"
adults,Physically active,2024,Pacific men vs non-Pacific men,0.96,0.8,1.15,Age
adults,Physically active,2024,Pacific women vs non-Pacific women,0.83,0.68,1.0,Age
adults,Physically active,2024,Asian vs non-Asian,0.86,0.78,0.95,"Age, gender"
adults,Physically active,2024,Asian men vs non-Asian men,0.91,0.79,1.05,Age
adults,Physically active,2024,Asian women vs non-Asian women,0.81,0.71,0.93,Age
adults,Physically active,2024,Most deprived vs least deprived,0.92,0.79,1.07,"Age, gender, ethnic group"
adults,Physically active,2024,Most deprived vs least deprived - men,0.83,0.7,0.99,"Age, ethnic group"
adults,Physically active,2024,Most deprived vs least deprived - women,1.03,0.85,1.26,"Age, ethnic group"
adults,Physically active,2024,Disabled adults vs non-disabled adults,0.64,0.56,0.74,"Age, gender"
adults,Highly physically active,2024,Men vs women,1.18,1.11,1.26,Age
adults,Highly physically active,2024,Māori vs non-Māori,1.05,0.96,1.16,"Age, gender"
adults,Highly physically active,2024,Māori men vs non-Māori men,1.03,0.91,1.16,Age
adults,Highly physically active,2024,Māori women vs non-Māori women,1.09,0.97,1.21,Age
adults,Highly physically active,2024,Pacific vs non-Pacific,0.89,0.77,1.02,"Age, gender"
adults,Highly physically active,2024,Pacific men vs non-Pacific men,0.91,0.75,1.11,Age
adults,Highly physically active,2024,Pacific women vs non-Pacific women,0.86,0.69,1.07,Age
adults,Highly physically active,2024,Asian vs non-Asian,0.82,0.74,0.92,"Age, gender"
adults,Highly physically active,2024,Asian men vs non-Asian men,0.87,0.75,1.01,Age
adults,Highly physically active,2024,Asian women vs non-Asian women,0.77,0.66,0.9,Age
adults,Highly physically active,2024,Most deprived vs least deprived,0.94,0.8,1.11,"Age, gender, ethnic group"
adults,Highly physically active,2024,Most deprived vs least deprived - men,0.86,0.71,1.04,"Age, ethnic group"
adults,Highly physically active,2024,Most deprived vs least deprived - women,1.05,0.84,1.32,"Age, ethnic group"
adults,Highly physically active,2024,Disabled adults vs non-disabled adults,0.62,0.53,0.72,"Age, gender"
adults,Insufficient physical activity,2024,Men vs women,0.98,0.91,1.05,Age
adults,Insufficient physical activity,2024,Māori vs non-Māori,0.9,0.81,1.0,"Age, gender"
adults,Insufficient physical activity,2024,Māori men vs non-Māori men,0.93,0.8,1.07,Age
adults,Insufficient physical activity,2024,Māori women vs non-Māori women,0.88,0.76,1.01,Age
adults,Insufficient physical activity,2024,Pacific vs non-Pacific,0.96,0.84,1.1,"Age, gender"
adults,Insufficient physical activity,2024,Pacific men vs non-Pacific men,0.88,0.69,1.13,Age
adults,Insufficient physical activity,2024,Pacific women vs non-Pacific women,1.02,0.89,1.18,Age
adults,Insufficient physical activity,2024,Asian vs non-Asian,1.06,0.97,1.17,"Age, gender"
adults,Insufficient physical activity,2024,Asian men vs non-Asian men,1.02,0.88,1.18,Age
adults,Insufficient physical activity,2024,Asian women vs non-Asian women,1.1,0.98,1.23,Age
adults,Insufficient physical activity,2024,Most deprived vs least deprived,0.91,0.79,1.06,"Age, gender, ethnic group"
adults,Insufficient physical activity,2024,Most deprived vs least deprived - men,1.04,0.85,1.27,"Age, ethnic group"
adults,Insufficient physical activity,2024,Most deprived vs least deprived - women,0.81,0.66,0.99,"Age, ethnic group"
adults,Insufficient physical activity,2024,Disabled adults vs non-disabled adults,1.05,0.94,1.16,"Age, gender"
adults,Little or no physical activity,2024,Men vs women,0.72,0.62,0.83,Age
adults,Little or no physical activity,2024,Māori vs non-Māori,1.32,1.11,1.58,"Age, gender"
adults,Little or no physical activity,2024,Māori men vs non-Māori men,1.39,1.05,1.83,Age
adults,Little or no physical activity,2024,Māori women vs non-Māori women,1.27,1.01,1.59,Age
adults,Little or no physical activity,2024,Pacific vs non-Pacific,1.61,1.27,2.03,"Age, gender"
adults,Little or no physical activity,2024,Pacific men vs non-Pacific men,1.79,1.24,2.57,Age
adults,Little or no physical activity,2024,Pacific women vs non-Pacific women,1.52,1.16,1.99,Age
adults,Little or no physical activity,2024,Asian vs non-Asian,1.39,1.12,1.74,"Age, gender"
adults,Little or no physical activity,2024,Asian men vs non-Asian men,1.43,1.03,1.99,Age
adults,Little or no physical activity,2024,Asian women vs non-Asian women,1.38,1.05,1.81,Age
adults,Little or no physical activity,2024,Most deprived vs least deprived,1.87,1.41,2.48,"Age, gender, ethnic group"
adults,Little or no physical activity,2024,Most deprived vs least deprived - men,2.14,1.44,3.17,"Age, ethnic group"
adults,Little or no physical activity,2024,Most deprived vs least deprived - women,1.7,1.16,2.48,"Age, ethnic group"
adults,Little or no physical activity,2024,Disabled adults vs non-disabled adults,2.22,1.86,2.64,"Age, gender"
adults,Underweight,2024,Men vs women,0.67,0.36,1.25,Age
adults,Underweight,2024,Māori vs non-Māori,0.76,0.38,1.54,"Age, gender"
adults,Underweight,2024,Māori men vs non-Māori men,0.78,0.24,2.6,Age
adults,Underweight,2024,Māori women vs non-Māori women,0.74,0.27,2.01,Age
adults,Underweight,2024,Asian vs non-Asian,2.31,1.22,4.35,"Age, gender"
adults,Underweight,2024,Asian men vs non-Asian men,2.05,0.62,6.75,Age
adults,Underweight,2024,Asian women vs non-Asian women,2.61,1.18,5.8,Age
adults,Underweight,2024,Most deprived vs least deprived,0.82,0.28,2.44,"Age, gender, ethnic group"
adults,Underweight,2024,Most deprived vs least deprived - women,1.54,0.47,5.09,"Age, ethnic group"
adults,Underweight,2024,Disabled adults vs non-disabled adults,0.9,0.41,2.01,"Age, gender"
adults,Healthy weight,2024,Men vs women,0.83,0.77,0.89,Age
adults,Healthy weight,2024,Māori vs non-Māori,0.58,0.5,0.68,"Age, gender"
adults,Healthy weight,2024,Māori men vs non-Māori men,0.7,0.56,0.88,Age
adults,Healthy weight,2024,Māori women vs non-Māori women,0.49,0.41,0.59,Age
adults,Healthy weight,2024,Pacific vs non-Pacific,0.32,0.23,0.47,"Age, gender"
adults,Healthy weight,2024,Pacific men vs non-Pacific men,0.34,0.17,0.69,Age
adults,Healthy weight,2024,Pacific women vs non-Pacific women,0.31,0.2,0.46,Age
adults,Healthy weight,2024,Asian vs non-Asian,1.59,1.45,1.75,"Age, gender"
adults,Healthy weight,2024,Asian men vs non-Asian men,1.58,1.34,1.87,Age
adults,Healthy weight,2024,Asian women vs non-Asian women,1.61,1.41,1.85,Age
adults,Healthy weight,2024,Most deprived vs least deprived,0.75,0.64,0.87,"Age, gender, ethnic group"
adults,Healthy weight,2024,Most deprived vs least deprived - men,0.86,0.67,1.1,"Age, ethnic group"
adults,Healthy weight,2024,Most deprived vs least deprived - women,0.67,0.54,0.82,"Age, ethnic group"
adults,Healthy weight,2024,Disabled adults vs non-disabled adults,0.67,0.55,0.82,"Age, gender"
adults,Overweight (but not obese),2024,Men vs women,1.33,1.24,1.44,Age
adults,Overweight (but not obese),2024,Māori vs non-Māori,0.94,0.85,1.04,"Age, gender"
adults,Overweight (but not obese),2024,Māori men vs non-Māori men,0.88,0.75,1.04,Age
adults,Overweight (but not obese),2024,Māori women vs non-Māori women,1.01,0.88,1.16,Age
adults,Overweight (but not obese),2024,Pacific vs non-Pacific,0.57,0.45,0.71,"Age, gender"
adults,Overweight (but not obese),2024,Pacific men vs non-Pacific men,0.59,0.41,0.84,Age
adults,Overweight (but not obese),2024,Pacific women vs non-Pacific women,0.54,0.41,0.73,Age
adults,Overweight (but not obese),2024,Asian vs non-Asian,1.02,0.92,1.13,"Age, gender"
adults,Overweight (but not obese),2024,Asian men vs non-Asian men,1.02,0.89,1.17,Age
adults,Overweight (but not obese),2024,Asian women vs non-Asian women,1.02,0.86,1.2,Age
adults,Overweight (but not obese),2024,Most deprived vs least deprived,0.85,0.74,0.99,"Age, gender, ethnic group"
adults,Overweight (but not obese),2024,Most deprived vs least deprived - men,0.81,0.66,1.0,"Age, ethnic group"
adults,Overweight (but not obese),2024,Most deprived vs least deprived - women,0.91,0.74,1.13,"Age, ethnic group"
adults,Overweight (but not obese),2024,Disabled adults vs non-disabled adults,0.82,0.69,0.97,"Age, gender"
adults,Overweight or obese,2024,Men vs women,1.1,1.06,1.14,Age
adults,Overweight or obese,2024,Māori vs non-Māori,1.22,1.17,1.27,"Age, gender"
adults,Overweight or obese,2024,Māori men vs non-Māori men,1.13,1.06,1.21,Age
adults,Overweight or obese,2024,Māori women vs non-Māori women,1.31,1.24,1.39,Age
adults,Overweight or obese,2024,Pacific vs non-Pacific,1.37,1.3,1.43,"Age, gender"
adults,Overweight or obese,2024,Pacific men vs non-Pacific men,1.31,1.21,1.42,Age
adults,Overweight or obese,2024,Pacific women vs non-Pacific women,1.43,1.35,1.51,Age
adults,Overweight or obese,2024,Asian vs non-Asian,0.74,0.69,0.8,"Age, gender"
adults,Overweight or obese,2024,Asian men vs non-Asian men,0.78,0.71,0.87,Age
adults,Overweight or obese,2024,Asian women vs non-Asian women,0.69,0.6,0.79,Age
adults,Overweight or obese,2024,Most deprived vs least deprived,1.15,1.08,1.23,"Age, gender, ethnic group"
adults,Overweight or obese,2024,Most deprived vs least deprived - men,1.09,0.98,1.2,"Age, ethnic group"
adults,Overweight or obese,2024,Most deprived vs least deprived - women,1.22,1.08,1.37,"Age, ethnic group"
adults,Overweight or obese,2024,Disabled adults vs non-disabled adults,1.16,1.09,1.23,"Age, gender"
adults,Obese,2024,Men vs women,0.91,0.84,0.98,Age
adults,Obese,2024,Māori vs non-Māori,1.54,1.43,1.66,"Age, gender"
adults,Obese,2024,Māori men vs non-Māori men,1.48,1.31,1.67,Age
adults,Obese,2024,Māori women vs non-Māori women,1.59,1.45,1.75,Age
adults,Obese,2024,Pacific vs non-Pacific,2.29,2.1,2.49,"Age, gender"
adults,Obese,2024,Pacific men vs non-Pacific men,2.33,2.03,2.68,Age
adults,Obese,2024,Pacific women vs non-Pacific women,2.25,2.04,2.48,Age
adults,Obese,2024,Asian vs non-Asian,0.48,0.4,0.57,"Age, gender"
adults,Obese,2024,Asian men vs non-Asian men,0.52,0.4,0.66,Age
adults,Obese,2024,Asian women vs non-Asian women,0.45,0.34,0.58,Age
adults,Obese,2024,Most deprived vs least deprived,1.54,1.32,1.78,"Age, gender, ethnic group"
adults,Obese,2024,Most deprived vs least deprived - men,1.53,1.23,1.9,"Age, ethnic group"
adults,Obese,2024,Most deprived vs least deprived - women,1.52,1.24,1.87,"Age, ethnic group"
adults,Obese,2024,Disabled adults vs non-disabled adults,1.5,1.34,1.68,"Age, gender"
adults,Obese class 1,2024,Men vs women,1.14,1.02,1.27,Age
adults,Obese class 1,2024,Māori vs non-Māori,1.24,1.09,1.41,"Age, gender"
adults,Obese class 1,2024,Māori men vs non-Māori men,1.21,1.0,1.46,Age
adults,Obese class 1,2024,Māori women vs non-Māori women,1.28,1.08,1.51,Age
adults,Obese class 1,2024,Pacific vs non-Pacific,1.33,1.09,1.62,"Age, gender"
adults,Obese class 1,2024,Pacific men vs non-Pacific men,1.56,1.21,2.01,Age
adults,Obese class 1,2024,Pacific women vs non-Pacific women,1.12,0.85,1.49,Age
adults,Obese class 1,2024,Asian vs non-Asian,0.72,0.58,0.91,"Age, gender"
adults,Obese class 1,2024,Asian men vs non-Asian men,0.7,0.51,0.95,Age
adults,Obese class 1,2024,Asian women vs non-Asian women,0.75,0.55,1.02,Age
adults,Obese class 1,2024,Most deprived vs least deprived,1.1,0.93,1.3,"Age, gender, ethnic group"
adults,Obese class 1,2024,Most deprived vs least deprived - men,1.04,0.8,1.34,"Age, ethnic group"
adults,Obese class 1,2024,Most deprived vs least deprived - women,1.16,0.87,1.54,"Age, ethnic group"
adults,Obese class 1,2024,Disabled adults vs non-disabled adults,1.2,0.95,1.51,"Age, gender"
adults,Obese class 2,2024,Men vs women,0.74,0.63,0.88,Age
adults,Obese class 2,2024,Māori vs non-Māori,1.85,1.53,2.23,"Age, gender"
adults,Obese class 2,2024,Māori men vs non-Māori men,2.05,1.48,2.85,Age
adults,Obese class 2,2024,Māori women vs non-Māori women,1.7,1.37,2.11,Age
adults,Obese class 2,2024,Pacific vs non-Pacific,3.17,2.48,4.04,"Age, gender"
adults,Obese class 2,2024,Pacific men vs non-Pacific men,3.73,2.52,5.51,Age
adults,Obese class 2,2024,Pacific women vs non-Pacific women,2.84,2.23,3.62,Age
adults,Obese class 2,2024,Asian vs non-Asian,0.24,0.15,0.38,"Age, gender"
adults,Obese class 2,2024,Asian men vs non-Asian men,0.27,0.13,0.56,Age
adults,Obese class 2,2024,Asian women vs non-Asian women,0.21,0.13,0.35,Age
adults,Obese class 2,2024,Most deprived vs least deprived,1.86,1.32,2.63,"Age, gender, ethnic group"
adults,Obese class 2,2024,Most deprived vs least deprived - men,2.69,1.48,4.9,"Age, ethnic group"
adults,Obese class 2,2024,Most deprived vs least deprived - women,1.45,0.93,2.25,"Age, ethnic group"
adults,Obese class 2,2024,Disabled adults vs non-disabled adults,1.6,1.23,2.09,"Age, gender"
adults,Obese class 3,2024,Men vs women,0.58,0.47,0.71,Age
adults,Obese class 3,2024,Māori vs non-Māori,2.16,1.67,2.8,"Age, gender"
adults,Obese class 3,2024,Māori men vs non-Māori men,1.88,1.17,3.02,Age
adults,Obese class 3,2024,Māori women vs non-Māori women,2.33,1.8,3.03,Age
adults,Obese class 3,2024,Pacific vs non-Pacific,4.81,3.8,6.08,"Age, gender"
adults,Obese class 3,2024,Pacific men vs non-Pacific men,4.63,2.8,7.65,Age
adults,Obese class 3,2024,Pacific women vs non-Pacific women,4.93,3.92,6.2,Age
adults,Obese class 3,2024,Asian vs non-Asian,0.19,0.09,0.39,"Age, gender"
adults,Obese class 3,2024,Asian men vs non-Asian men,0.24,0.11,0.54,Age
adults,Obese class 3,2024,Asian women vs non-Asian women,0.15,0.03,0.68,Age
adults,Obese class 3,2024,Most deprived vs least deprived,3.71,2.11,6.54,"Age, gender, ethnic group"
adults,Obese class 3,2024,Most deprived vs least deprived - men,4.4,1.89,10.25,"Age, ethnic group"
adults,Obese class 3,2024,Most deprived vs least deprived - women,3.35,1.83,6.13,"Age, ethnic group"
adults,Obese class 3,2024,Disabled adults vs non-disabled adults,2.57,2.0,3.29,"Age, gender"
adults,Waist to height ratio ≥ 0.5,2024,Men vs women,1.2,1.16,1.25,Age
adults,Waist to height ratio ≥ 0.5,2024,Māori vs non-Māori,1.16,1.11,1.21,"Age, gender"
adults,Waist to height ratio ≥ 0.5,2024,Māori men vs non-Māori men,1.1,1.03,1.17,Age
adults,Waist to height ratio ≥ 0.5,2024,Māori women vs non-Māori women,1.23,1.15,1.31,Age
adults,Waist to height ratio ≥ 0.5,2024,Pacific vs non-Pacific,1.33,1.26,1.39,"Age, gender"
adults,Waist to height ratio ≥ 0.5,2024,Pacific men vs non-Pacific men,1.22,1.13,1.32,Age
adults,Waist to height ratio ≥ 0.5,2024,Pacific women vs non-Pacific women,1.45,1.36,1.55,Age
adults,Waist to height ratio ≥ 0.5,2024,Asian vs non-Asian,0.88,0.82,0.94,"Age, gender"
adults,Waist to height ratio ≥ 0.5,2024,Asian men vs non-Asian men,0.89,0.82,0.96,Age
adults,Waist to height ratio ≥ 0.5,2024,Asian women vs non-Asian women,0.87,0.79,0.97,Age
adults,Waist to height ratio ≥ 0.5,2024,Most deprived vs least deprived,1.14,1.04,1.24,"Age, gender, ethnic group"
adults,Waist to height ratio ≥ 0.5,2024,Most deprived vs least deprived - men,1.07,0.98,1.17,"Age, ethnic group"
adults,Waist to height ratio ≥ 0.5,2024,Most deprived vs least deprived - women,1.25,1.08,1.44,"Age, ethnic group"
adults,Waist to height ratio ≥ 0.5,2024,Disabled adults vs non-disabled adults,1.16,1.1,1.23,"Age, gender"
adults,Mean BMI (kg/m²),2024,Men vs women,0.99,0.98,1.0,Age
adults,Mean BMI (kg/m²),2024,Māori vs non-Māori,1.1,1.08,1.12,"Age, gender"
adults,Mean BMI (kg/m²),2024,Māori men vs non-Māori men,1.08,1.05,1.11,Age
adults,Mean BMI (kg/m²),2024,Māori women vs non-Māori women,1.12,1.1,1.15,Age
adults,Mean BMI (kg/m²),2024,Pacific vs non-Pacific,1.26,1.22,1.3,"Age, gender"
adults,Mean BMI (kg/m²),2024,Pacific men vs non-Pacific men,1.22,1.16,1.27,Age
adults,Mean BMI (kg/m²),2024,Pacific women vs non-Pacific women,1.29,1.25,1.34,Age
adults,Mean BMI (kg/m²),2024,Asian vs non-Asian,0.89,0.87,0.9,"Age, gender"
adults,Mean BMI (kg/m²),2024,Asian men vs non-Asian men,0.91,0.89,0.93,Age
adults,Mean BMI (kg/m²),2024,Asian women vs non-Asian women,0.86,0.84,0.89,Age
adults,Mean BMI (kg/m²),2024,Most deprived vs least deprived,1.09,1.06,1.11,"Age, gender, ethnic group"
adults,Mean BMI (kg/m²),2024,Most deprived vs least deprived - men,1.07,1.03,1.1,"Age, ethnic group"
adults,Mean BMI (kg/m²),2024,Most deprived vs least deprived - women,1.1,1.06,1.15,"Age, ethnic group"
adults,Mean BMI (kg/m²),2024,Disabled adults vs non-disabled adults,1.09,1.07,1.12,"Age, gender"
adults,Mean weight (kg),2024,Men vs women,1.15,1.14,1.17,Age
adults,Mean weight (kg),2024,Māori vs non-Māori,1.11,1.09,1.13,"Age, gender"
adults,Mean weight (kg),2024,Māori men vs non-Māori men,1.08,1.06,1.11,Age
adults,Mean weight (kg),2024,Māori women vs non-Māori women,1.13,1.1,1.16,Age
adults,Mean weight (kg),2024,Pacific vs non-Pacific,1.27,1.23,1.31,"Age, gender"
adults,Mean weight (kg),2024,Pacific men vs non-Pacific men,1.22,1.16,1.28,Age
adults,Mean weight (kg),2024,Pacific women vs non-Pacific women,1.32,1.27,1.38,Age
adults,Mean weight (kg),2024,Asian vs non-Asian,0.82,0.8,0.84,"Age, gender"
adults,Mean weight (kg),2024,Asian men vs non-Asian men,0.84,0.82,0.86,Age
adults,Mean weight (kg),2024,Asian women vs non-Asian women,0.8,0.77,0.82,Age
adults,Mean weight (kg),2024,Most deprived vs least deprived,1.06,1.03,1.09,"Age, gender, ethnic group"
adults,Mean weight (kg),2024,Most deprived vs least deprived - men,1.04,1.01,1.07,"Age, ethnic group"
adults,Mean weight (kg),2024,Most deprived vs least deprived - women,1.08,1.04,1.13,"Age, ethnic group"
adults,Mean weight (kg),2024,Disabled adults vs non-disabled adults,1.08,1.06,1.11,"Age, gender"
adults,Mean height (cm),2024,Men vs women,1.08,1.08,1.08,Age
adults,Mean height (cm),2024,Māori vs non-Māori,1.0,1.0,1.01,"Age, gender"
adults,Mean height (cm),2024,Māori men vs non-Māori men,1.0,1.0,1.01,Age
adults,Mean height (cm),2024,Māori women vs non-Māori women,1.0,1.0,1.01,Age
adults,Mean height (cm),2024,Pacific vs non-Pacific,1.01,1.0,1.01,"Age, gender"
adults,Mean height (cm),2024,Pacific men vs non-Pacific men,1.0,0.99,1.01,Age
adults,Mean height (cm),2024,Pacific women vs non-Pacific women,1.01,1.0,1.02,Age
adults,Mean height (cm),2024,Asian vs non-Asian,0.96,0.96,0.97,"Age, gender"
adults,Mean height (cm),2024,Asian men vs non-Asian men,0.96,0.96,0.97,Age
adults,Mean height (cm),2024,Asian women vs non-Asian women,0.96,0.96,0.97,Age
adults,Mean height (cm),2024,Most deprived vs least deprived,0.99,0.98,0.99,"Age, gender, ethnic group"
adults,Mean height (cm),2024,Most deprived vs least deprived - men,0.99,0.98,0.99,"Age, ethnic group"
adults,Mean height (cm),2024,Most deprived vs least deprived - women,0.99,0.98,0.99,"Age, ethnic group"
adults,Mean height (cm),2024,Disabled adults vs non-disabled adults,1.0,0.99,1.0,"Age, gender"
adults,Mean waist (cm),2024,Men vs women,1.1,1.09,1.11,Age
adults,Mean waist (cm),2024,Māori vs non-Māori,1.06,1.05,1.08,"Age, gender"
adults,Mean waist (cm),2024,Māori men vs non-Māori men,1.04,1.03,1.06,Age
adults,Mean waist (cm),2024,Māori women vs non-Māori women,1.08,1.06,1.1,Age
adults,Mean waist (cm),2024,Pacific vs non-Pacific,1.16,1.13,1.19,"Age, gender"
adults,Mean waist (cm),2024,Pacific men vs non-Pacific men,1.12,1.08,1.15,Age
adults,Mean waist (cm),2024,Pacific women vs non-Pacific women,1.2,1.17,1.23,Age
adults,Mean waist (cm),2024,Asian vs non-Asian,0.91,0.9,0.93,"Age, gender"
adults,Mean waist (cm),2024,Asian men vs non-Asian men,0.92,0.9,0.93,Age
adults,Mean waist (cm),2024,Asian women vs non-Asian women,0.91,0.89,0.93,Age
adults,Mean waist (cm),2024,Most deprived vs least deprived,1.06,1.04,1.08,"Age, gender, ethnic group"
adults,Mean waist (cm),2024,Most deprived vs least deprived - men,1.04,1.02,1.06,"Age, ethnic group"
adults,Mean waist (cm),2024,Most deprived vs least deprived - women,1.07,1.04,1.11,"Age, ethnic group"
adults,Mean waist (cm),2024,Disabled adults vs non-disabled adults,1.08,1.06,1.09,"Age, gender"
adults,GP visit,2024,Men vs women,0.89,0.86,0.92,Age
adults,GP visit,2024,Māori vs non-Māori,0.97,0.93,1.01,"Age, gender"
adults,GP visit,2024,Māori men vs non-Māori men,0.99,0.93,1.06,Age
adults,GP visit,2024,Māori women vs non-Māori women,0.94,0.9,0.98,Age
adults,GP visit,2024,Pacific vs non-Pacific,0.95,0.89,1.02,"Age, gender"
adults,GP visit,2024,Pacific men vs non-Pacific men,0.91,0.8,1.03,Age
adults,GP visit,2024,Pacific women vs non-Pacific women,0.99,0.92,1.05,Age
adults,GP visit,2024,Asian vs non-Asian,0.95,0.9,0.99,"Age, gender"
adults,GP visit,2024,Asian men vs non-Asian men,0.95,0.88,1.03,Age
adults,GP visit,2024,Asian women vs non-Asian women,0.94,0.89,0.99,Age
adults,GP visit,2024,Most deprived vs least deprived,0.91,0.86,0.97,"Age, gender, ethnic group"
adults,GP visit,2024,Most deprived vs least deprived - men,0.9,0.82,1.0,"Age, ethnic group"
adults,GP visit,2024,Most deprived vs least deprived - women,0.92,0.86,0.98,"Age, ethnic group"
adults,GP visit,2024,Disabled adults vs non-disabled adults,1.15,1.1,1.2,"Age, gender"
adults,Mean number of GP visits,2024,Men vs women,0.75,0.7,0.8,Age
adults,Mean number of GP visits,2024,Māori vs non-Māori,1.15,1.06,1.24,"Age, gender"
adults,Mean number of GP visits,2024,Māori men vs non-Māori men,1.2,1.06,1.35,Age
adults,Mean number of GP visits,2024,Māori women vs non-Māori women,1.11,1.0,1.23,Age
adults,Mean number of GP visits,2024,Pacific vs non-Pacific,1.28,1.07,1.53,"Age, gender"
adults,Mean number of GP visits,2024,Pacific men vs non-Pacific men,1.21,0.88,1.67,Age
adults,Mean number of GP visits,2024,Pacific women vs non-Pacific women,1.33,1.11,1.58,Age
adults,Mean number of GP visits,2024,Asian vs non-Asian,0.83,0.74,0.94,"Age, gender"
adults,Mean number of GP visits,2024,Asian men vs non-Asian men,0.92,0.8,1.05,Age
adults,Mean number of GP visits,2024,Asian women vs non-Asian women,0.76,0.64,0.9,Age
adults,Mean number of GP visits,2024,Most deprived vs least deprived,1.14,0.98,1.33,"Age, gender, ethnic group"
adults,Mean number of GP visits,2024,Most deprived vs least deprived - men,1.1,0.89,1.36,"Age, ethnic group"
adults,Mean number of GP visits,2024,Most deprived vs least deprived - women,1.16,0.94,1.41,"Age, ethnic group"
adults,Mean number of GP visits,2024,Disabled adults vs non-disabled adults,1.97,1.76,2.2,"Age, gender"
adults,Practice nurse visit,2024,Men vs women,0.77,0.7,0.84,Age
adults,Practice nurse visit,2024,Māori vs non-Māori,1.18,1.08,1.3,"Age, gender"
adults,Practice nurse visit,2024,Māori men vs non-Māori men,1.17,0.99,1.38,Age
adults,Practice nurse visit,2024,Māori women vs non-Māori women,1.18,1.06,1.31,Age
adults,Practice nurse visit,2024,Pacific vs non-Pacific,0.93,0.76,1.13,"Age, gender"
adults,Practice nurse visit,2024,Pacific men vs non-Pacific men,0.84,0.6,1.16,Age
adults,Practice nurse visit,2024,Pacific women vs non-Pacific women,0.98,0.79,1.22,Age
adults,Practice nurse visit,2024,Asian vs non-Asian,0.57,0.47,0.68,"Age, gender"
adults,Practice nurse visit,2024,Asian men vs non-Asian men,0.73,0.56,0.93,Age
adults,Practice nurse visit,2024,Asian women vs non-Asian women,0.47,0.38,0.59,Age
adults,Practice nurse visit,2024,Most deprived vs least deprived,0.92,0.79,1.08,"Age, gender, ethnic group"
adults,Practice nurse visit,2024,Most deprived vs least deprived - men,0.78,0.61,0.98,"Age, ethnic group"
adults,Practice nurse visit,2024,Most deprived vs least deprived - women,1.05,0.87,1.26,"Age, ethnic group"
adults,Practice nurse visit,2024,Disabled adults vs non-disabled adults,1.39,1.24,1.56,"Age, gender"
adults,Mean number of practice nurse visits,2024,Men vs women,0.8,0.69,0.94,Age
adults,Mean number of practice nurse visits,2024,Māori vs non-Māori,1.45,1.23,1.7,"Age, gender"
adults,Mean number of practice nurse visits,2024,Māori men vs non-Māori men,1.31,1.01,1.7,Age
adults,Mean number of practice nurse visits,2024,Māori women vs non-Māori women,1.53,1.25,1.88,Age
adults,Mean number of practice nurse visits,2024,Pacific vs non-Pacific,0.93,0.72,1.21,"Age, gender"
adults,Mean number of practice nurse visits,2024,Pacific men vs non-Pacific men,0.87,0.61,1.24,Age
adults,Mean number of practice nurse visits,2024,Pacific women vs non-Pacific women,0.98,0.71,1.34,Age
adults,Mean number of practice nurse visits,2024,Asian vs non-Asian,0.52,0.41,0.66,"Age, gender"
adults,Mean number of practice nurse visits,2024,Asian men vs non-Asian men,0.67,0.52,0.86,Age
adults,Mean number of practice nurse visits,2024,Asian women vs non-Asian women,0.42,0.27,0.63,Age
adults,Mean number of practice nurse visits,2024,Most deprived vs least deprived,1.34,1.0,1.78,"Age, gender, ethnic group"
adults,Mean number of practice nurse visits,2024,Most deprived vs least deprived - men,1.31,0.79,2.19,"Age, ethnic group"
adults,Mean number of practice nurse visits,2024,Most deprived vs least deprived - women,1.35,0.97,1.87,"Age, ethnic group"
adults,Mean number of practice nurse visits,2024,Disabled adults vs non-disabled adults,2.02,1.61,2.55,"Age, gender"
adults,Has usual medical centre,2024,Men vs women,0.95,0.94,0.97,Age
adults,Has usual medical centre,2024,Māori vs non-Māori,1.01,1.0,1.03,"Age, gender"
adults,Has usual medical centre,2024,Māori men vs non-Māori men,1.02,0.98,1.05,Age
adults,Has usual medical centre,2024,Māori women vs non-Māori women,1.02,1.0,1.04,Age
adults,Has usual medical centre,2024,Pacific vs non-Pacific,0.98,0.95,1.02,"Age, gender"
adults,Has usual medical centre,2024,Pacific men vs non-Pacific men,0.96,0.9,1.03,Age
adults,Has usual medical centre,2024,Pacific women vs non-Pacific women,1.0,0.99,1.02,Age
adults,Has usual medical centre,2024,Asian vs non-Asian,0.93,0.9,0.96,"Age, gender"
adults,Has usual medical centre,2024,Asian men vs non-Asian men,0.93,0.89,0.97,Age
adults,Has usual medical centre,2024,Asian women vs non-Asian women,0.92,0.89,0.96,Age
adults,Has usual medical centre,2024,Most deprived vs least deprived,0.96,0.93,0.99,"Age, gender, ethnic group"
adults,Has usual medical centre,2024,Most deprived vs least deprived - men,0.94,0.89,0.99,"Age, ethnic group"
adults,Has usual medical centre,2024,Most deprived vs least deprived - women,0.98,0.94,1.01,"Age, ethnic group"
adults,Has usual medical centre,2024,Disabled adults vs non-disabled adults,1.0,0.97,1.04,"Age, gender"
adults,GP at usual medical centre,2024,Men vs women,0.87,0.84,0.9,Age
adults,GP at usual medical centre,2024,Māori vs non-Māori,0.94,0.9,0.99,"Age, gender"
adults,GP at usual medical centre,2024,Māori men vs non-Māori men,0.97,0.89,1.05,Age
adults,GP at usual medical centre,2024,Māori women vs non-Māori women,0.93,0.88,0.98,Age
adults,GP at usual medical centre,2024,Pacific vs non-Pacific,0.98,0.91,1.04,"Age, gender"
adults,GP at usual medical centre,2024,Pacific men vs non-Pacific men,0.95,0.84,1.08,Age
adults,GP at usual medical centre,2024,Pacific women vs non-Pacific women,0.99,0.93,1.06,Age
adults,GP at usual medical centre,2024,Asian vs non-Asian,0.93,0.88,0.99,"Age, gender"
adults,GP at usual medical centre,2024,Asian men vs non-Asian men,0.95,0.87,1.03,Age
adults,GP at usual medical centre,2024,Asian women vs non-Asian women,0.92,0.86,0.98,Age
adults,GP at usual medical centre,2024,Most deprived vs least deprived,0.9,0.83,0.96,"Age, gender, ethnic group"
adults,GP at usual medical centre,2024,Most deprived vs least deprived - men,0.9,0.8,1.01,"Age, ethnic group"
adults,GP at usual medical centre,2024,Most deprived vs least deprived - women,0.89,0.82,0.97,"Age, ethnic group"
adults,GP at usual medical centre,2024,Disabled adults vs non-disabled adults,1.14,1.08,1.21,"Age, gender"
adults,Nurse at usual medical centre,2024,Men vs women,0.78,0.73,0.83,Age
adults,Nurse at usual medical centre,2024,Māori vs non-Māori,1.13,1.05,1.23,"Age, gender"
adults,Nurse at usual medical centre,2024,Māori men vs non-Māori men,1.07,0.92,1.25,Age
adults,Nurse at usual medical centre,2024,Māori women vs non-Māori women,1.17,1.07,1.28,Age
adults,Nurse at usual medical centre,2024,Pacific vs non-Pacific,1.31,1.16,1.47,"Age, gender"
adults,Nurse at usual medical centre,2024,Pacific men vs non-Pacific men,1.31,1.11,1.54,Age
adults,Nurse at usual medical centre,2024,Pacific women vs non-Pacific women,1.31,1.16,1.47,Age
adults,Nurse at usual medical centre,2024,Asian vs non-Asian,0.83,0.72,0.97,"Age, gender"
adults,Nurse at usual medical centre,2024,Asian men vs non-Asian men,0.94,0.78,1.13,Age
adults,Nurse at usual medical centre,2024,Asian women vs non-Asian women,0.77,0.64,0.93,Age
adults,Nurse at usual medical centre,2024,Most deprived vs least deprived,1.08,0.95,1.23,"Age, gender, ethnic group"
adults,Nurse at usual medical centre,2024,Most deprived vs least deprived - men,0.92,0.74,1.14,"Age, ethnic group"
adults,Nurse at usual medical centre,2024,Most deprived vs least deprived - women,1.22,1.04,1.42,"Age, ethnic group"
adults,Nurse at usual medical centre,2024,Disabled adults vs non-disabled adults,1.3,1.17,1.45,"Age, gender"
adults,Physiotherapist at usual medical centre,2024,Men vs women,0.89,0.7,1.13,Age
adults,Physiotherapist at usual medical centre,2024,Māori vs non-Māori,0.88,0.59,1.32,"Age, gender"
adults,Physiotherapist at usual medical centre,2024,Māori men vs non-Māori men,1.1,0.59,2.06,Age
adults,Physiotherapist at usual medical centre,2024,Māori women vs non-Māori women,0.71,0.45,1.12,Age
adults,Physiotherapist at usual medical centre,2024,Pacific vs non-Pacific,0.58,0.32,1.05,"Age, gender"
adults,Physiotherapist at usual medical centre,2024,Pacific men vs non-Pacific men,0.43,0.14,1.28,Age
adults,Physiotherapist at usual medical centre,2024,Pacific women vs non-Pacific women,0.7,0.31,1.59,Age
adults,Physiotherapist at usual medical centre,2024,Asian vs non-Asian,0.58,0.32,1.07,"Age, gender"
adults,Physiotherapist at usual medical centre,2024,Asian men vs non-Asian men,0.72,0.31,1.71,Age
adults,Physiotherapist at usual medical centre,2024,Asian women vs non-Asian women,0.44,0.22,0.88,Age
adults,Physiotherapist at usual medical centre,2024,Most deprived vs least deprived,0.54,0.35,0.85,"Age, gender, ethnic group"
adults,Physiotherapist at usual medical centre,2024,Most deprived vs least deprived - men,0.55,0.22,1.35,"Age, ethnic group"
adults,Physiotherapist at usual medical centre,2024,Most deprived vs least deprived - women,0.54,0.3,0.97,"Age, ethnic group"
adults,Physiotherapist at usual medical centre,2024,Disabled adults vs non-disabled adults,1.22,0.85,1.75,"Age, gender"
adults,Mental health worker at usual medical centre,2024,Men vs women,0.48,0.35,0.67,Age
adults,Mental health worker at usual medical centre,2024,Māori vs non-Māori,1.35,0.93,1.94,"Age, gender"
adults,Mental health worker at usual medical centre,2024,Māori men vs non-Māori men,1.4,0.7,2.8,Age
adults,Mental health worker at usual medical centre,2024,Māori women vs non-Māori women,1.2,0.77,1.88,Age
adults,Mental health worker at usual medical centre,2024,Pacific vs non-Pacific,0.6,0.29,1.24,"Age, gender"
adults,Mental health worker at usual medical centre,2024,Pacific men vs non-Pacific men,0.37,0.06,2.29,Age
adults,Mental health worker at usual medical centre,2024,Pacific women vs non-Pacific women,0.7,0.32,1.51,Age
adults,Mental health worker at usual medical centre,2024,Asian vs non-Asian,0.36,0.17,0.73,"Age, gender"
adults,Mental health worker at usual medical centre,2024,Asian men vs non-Asian men,0.52,0.09,2.93,Age
adults,Mental health worker at usual medical centre,2024,Asian women vs non-Asian women,0.28,0.12,0.67,Age
adults,Mental health worker at usual medical centre,2024,Most deprived vs least deprived,1.09,0.51,2.31,"Age, gender, ethnic group"
adults,Mental health worker at usual medical centre,2024,Most deprived vs least deprived - men,1.31,0.36,4.8,"Age, ethnic group"
adults,Mental health worker at usual medical centre,2024,Most deprived vs least deprived - women,1.07,0.49,2.33,"Age, ethnic group"
adults,Mental health worker at usual medical centre,2024,Disabled adults vs non-disabled adults,3.0,2.0,4.49,"Age, gender"
adults,Dietitian at usual medical centre,2024,Men vs women,1.18,0.65,2.14,Age
adults,Dietitian at usual medical centre,2024,Māori vs non-Māori,2.09,1.12,3.9,"Age, gender"
adults,Dietitian at usual medical centre,2024,Māori men vs non-Māori men,2.87,1.22,6.78,Age
adults,Dietitian at usual medical centre,2024,Māori women vs non-Māori women,1.42,0.62,3.24,Age
adults,Dietitian at usual medical centre,2024,Pacific vs non-Pacific,1.16,0.59,2.29,"Age, gender"
adults,Dietitian at usual medical centre,2024,Pacific men vs non-Pacific men,1.48,0.57,3.88,Age
adults,Dietitian at usual medical centre,2024,Pacific women vs non-Pacific women,0.97,0.31,3.05,Age
adults,Dietitian at usual medical centre,2024,Asian men vs non-Asian men,0.28,0.05,1.61,Age
adults,Dietitian at usual medical centre,2024,Most deprived vs least deprived,0.94,0.3,2.97,"Age, gender, ethnic group"
adults,Dietitian at usual medical centre,2024,Most deprived vs least deprived - men,0.72,0.15,3.55,"Age, ethnic group"
adults,Dietitian at usual medical centre,2024,Most deprived vs least deprived - women,1.27,0.29,5.5,"Age, ethnic group"
adults,Dietitian at usual medical centre,2024,Disabled adults vs non-disabled adults,1.89,1.08,3.31,"Age, gender"
adults,Unmet need for mental health care and addictions services,2024,Men vs women,0.71,0.61,0.82,Age
adults,Unmet need for mental health care and addictions services,2024,Māori vs non-Māori,1.48,1.24,1.75,"Age, gender"
adults,Unmet need for mental health care and addictions services,2024,Māori men vs non-Māori men,1.92,1.41,2.62,Age
adults,Unmet need for mental health care and addictions services,2024,Māori women vs non-Māori women,1.24,1.0,1.55,Age
adults,Unmet need for mental health care and addictions services,2024,Pacific vs non-Pacific,1.38,1.1,1.73,"Age, gender"
adults,Unmet need for mental health care and addictions services,2024,Pacific men vs non-Pacific men,1.38,0.84,2.28,Age
adults,Unmet need for mental health care and addictions services,2024,Pacific women vs non-Pacific women,1.39,1.04,1.86,Age
adults,Unmet need for mental health care and addictions services,2024,Asian vs non-Asian,0.54,0.42,0.71,"Age, gender"
adults,Unmet need for mental health care and addictions services,2024,Asian men vs non-Asian men,0.44,0.28,0.69,Age
adults,Unmet need for mental health care and addictions services,2024,Asian women vs non-Asian women,0.6,0.45,0.82,Age
adults,Unmet need for mental health care and addictions services,2024,Most deprived vs least deprived,1.27,0.91,1.78,"Age, gender, ethnic group"
adults,Unmet need for mental health care and addictions services,2024,Most deprived vs least deprived - men,1.45,0.87,2.42,"Age, ethnic group"
adults,Unmet need for mental health care and addictions services,2024,Most deprived vs least deprived - women,1.25,0.84,1.88,"Age, ethnic group"
adults,Unmet need for mental health care and addictions services,2024,Disabled adults vs non-disabled adults,3.05,2.5,3.73,"Age, gender"
adults,Dental health care worker visit,2024,Men vs women,0.89,0.85,0.94,Age
adults,Dental health care worker visit,2024,Māori vs non-Māori,0.82,0.74,0.91,"Age, gender"
adults,Dental health care worker visit,2024,Māori men vs non-Māori men,0.83,0.72,0.95,Age
adults,Dental health care worker visit,2024,Māori women vs non-Māori women,0.82,0.72,0.92,Age
adults,Dental health care worker visit,2024,Pacific vs non-Pacific,0.72,0.63,0.82,"Age, gender"
adults,Dental health care worker visit,2024,Pacific men vs non-Pacific men,0.64,0.5,0.82,Age
adults,Dental health care worker visit,2024,Pacific women vs non-Pacific women,0.77,0.66,0.9,Age
adults,Dental health care worker visit,2024,Asian vs non-Asian,0.78,0.7,0.87,"Age, gender"
adults,Dental health care worker visit,2024,Asian men vs non-Asian men,0.8,0.67,0.97,Age
adults,Dental health care worker visit,2024,Asian women vs non-Asian women,0.76,0.67,0.86,Age
adults,Dental health care worker visit,2024,Most deprived vs least deprived,0.66,0.59,0.75,"Age, gender, ethnic group"
adults,Dental health care worker visit,2024,Most deprived vs least deprived - men,0.63,0.52,0.75,"Age, ethnic group"
adults,Dental health care worker visit,2024,Most deprived vs least deprived - women,0.7,0.6,0.8,"Age, ethnic group"
adults,Dental health care worker visit,2024,Disabled adults vs non-disabled adults,0.82,0.72,0.93,"Age, gender"
adults,Only visit dental health care worker for problems,2024,Men vs women,1.19,1.13,1.24,Age
adults,Only visit dental health care worker for problems,2024,Māori vs non-Māori,1.37,1.28,1.47,"Age, gender"
adults,Only visit dental health care worker for problems,2024,Māori men vs non-Māori men,1.26,1.15,1.39,Age
adults,Only visit dental health care worker for problems,2024,Māori women vs non-Māori women,1.5,1.37,1.65,Age
adults,Only visit dental health care worker for problems,2024,Pacific vs non-Pacific,1.53,1.44,1.62,"Age, gender"
adults,Only visit dental health care worker for problems,2024,Pacific men vs non-Pacific men,1.46,1.34,1.6,Age
adults,Only visit dental health care worker for problems,2024,Pacific women vs non-Pacific women,1.61,1.46,1.76,Age
adults,Only visit dental health care worker for problems,2024,Asian vs non-Asian,1.3,1.21,1.39,"Age, gender"
adults,Only visit dental health care worker for problems,2024,Asian men vs non-Asian men,1.3,1.18,1.42,Age
adults,Only visit dental health care worker for problems,2024,Asian women vs non-Asian women,1.3,1.2,1.41,Age
adults,Only visit dental health care worker for problems,2024,Most deprived vs least deprived,1.97,1.73,2.25,"Age, gender, ethnic group"
adults,Only visit dental health care worker for problems,2024,Most deprived vs least deprived - men,1.81,1.54,2.12,"Age, ethnic group"
adults,Only visit dental health care worker for problems,2024,Most deprived vs least deprived - women,2.18,1.8,2.63,"Age, ethnic group"
adults,Only visit dental health care worker for problems,2024,Disabled adults vs non-disabled adults,1.22,1.14,1.31,"Age, gender"
adults,Unmet need for dental health care due to cost,2024,Men vs women,0.83,0.77,0.88,Age
adults,Unmet need for dental health care due to cost,2024,Māori vs non-Māori,1.26,1.17,1.35,"Age, gender"
adults,Unmet need for dental health care due to cost,2024,Māori men vs non-Māori men,1.22,1.09,1.37,Age
adults,Unmet need for dental health care due to cost,2024,Māori women vs non-Māori women,1.3,1.19,1.43,Age
adults,Unmet need for dental health care due to cost,2024,Pacific vs non-Pacific,1.29,1.15,1.44,"Age, gender"
adults,Unmet need for dental health care due to cost,2024,Pacific men vs non-Pacific men,1.13,0.87,1.45,Age
adults,Unmet need for dental health care due to cost,2024,Pacific women vs non-Pacific women,1.41,1.26,1.57,Age
adults,Unmet need for dental health care due to cost,2024,Asian vs non-Asian,0.94,0.86,1.03,"Age, gender"
adults,Unmet need for dental health care due to cost,2024,Asian men vs non-Asian men,0.93,0.81,1.07,Age
adults,Unmet need for dental health care due to cost,2024,Asian women vs non-Asian women,0.95,0.85,1.08,Age
adults,Unmet need for dental health care due to cost,2024,Most deprived vs least deprived,1.4,1.21,1.61,"Age, gender, ethnic group"
adults,Unmet need for dental health care due to cost,2024,Most deprived vs least deprived - men,1.41,1.15,1.73,"Age, ethnic group"
adults,Unmet need for dental health care due to cost,2024,Most deprived vs least deprived - women,1.37,1.16,1.62,"Age, ethnic group"
adults,Unmet need for dental health care due to cost,2024,Disabled adults vs non-disabled adults,1.2,1.1,1.32,"Age, gender"
adults,ED visit,2024,Men vs women,0.83,0.74,0.93,Age
adults,ED visit,2024,Māori vs non-Māori,1.31,1.12,1.53,"Age, gender"
adults,ED visit,2024,Māori men vs non-Māori men,1.2,0.95,1.53,Age
adults,ED visit,2024,Māori women vs non-Māori women,1.4,1.17,1.68,Age
adults,ED visit,2024,Pacific vs non-Pacific,1.24,1.04,1.48,"Age, gender"
adults,ED visit,2024,Pacific men vs non-Pacific men,0.96,0.68,1.36,Age
adults,ED visit,2024,Pacific women vs non-Pacific women,1.43,1.16,1.75,Age
adults,ED visit,2024,Asian vs non-Asian,0.66,0.53,0.82,"Age, gender"
adults,ED visit,2024,Asian men vs non-Asian men,0.69,0.5,0.95,Age
adults,ED visit,2024,Asian women vs non-Asian women,0.65,0.51,0.83,Age
adults,ED visit,2024,Most deprived vs least deprived,1.4,1.15,1.71,"Age, gender, ethnic group"
adults,ED visit,2024,Most deprived vs least deprived - men,1.21,0.86,1.72,"Age, ethnic group"
adults,ED visit,2024,Most deprived vs least deprived - women,1.57,1.26,1.96,"Age, ethnic group"
adults,ED visit,2024,Disabled adults vs non-disabled adults,2.13,1.88,2.41,"Age, gender"
adults,Private health insurance,2024,Men vs women,1.05,0.97,1.13,Age
adults,Private health insurance,2024,Māori vs non-Māori,0.55,0.49,0.63,"Age, gender"
adults,Private health insurance,2024,Māori men vs non-Māori men,0.6,0.5,0.73,Age
adults,Private health insurance,2024,Māori women vs non-Māori women,0.5,0.43,0.59,Age
adults,Private health insurance,2024,Pacific vs non-Pacific,0.47,0.39,0.58,"Age, gender"
adults,Private health insurance,2024,Pacific men vs non-Pacific men,0.47,0.33,0.65,Age
adults,Private health insurance,2024,Pacific women vs non-Pacific women,0.48,0.36,0.63,Age
adults,Private health insurance,2024,Asian vs non-Asian,1.03,0.92,1.16,"Age, gender"
adults,Private health insurance,2024,Asian men vs non-Asian men,0.97,0.84,1.11,Age
adults,Private health insurance,2024,Asian women vs non-Asian women,1.1,0.92,1.31,Age
adults,Private health insurance,2024,Most deprived vs least deprived,0.4,0.34,0.47,"Age, gender, ethnic group"
adults,Private health insurance,2024,Most deprived vs least deprived - men,0.42,0.33,0.54,"Age, ethnic group"
adults,Private health insurance,2024,Most deprived vs least deprived - women,0.38,0.3,0.48,"Age, ethnic group"
adults,Private health insurance,2024,Disabled adults vs non-disabled adults,0.61,0.52,0.73,"Age, gender"
adults,Bisexual,2024,Men vs women,0.52,0.35,0.77,Age
adults,Bisexual,2024,Māori vs non-Māori,0.9,0.56,1.46,"Age, gender"
adults,Bisexual,2024,Māori men vs non-Māori men,1.47,0.64,3.4,Age
adults,Bisexual,2024,Māori women vs non-Māori women,0.76,0.45,1.3,Age
adults,Bisexual,2024,Pacific vs non-Pacific,0.62,0.31,1.26,"Age, gender"
adults,Bisexual,2024,Pacific women vs non-Pacific women,0.85,0.42,1.73,Age
adults,Bisexual,2024,Asian vs non-Asian,0.45,0.23,0.87,"Age, gender"
adults,Bisexual,2024,Asian women vs non-Asian women,0.69,0.34,1.44,Age
adults,Bisexual,2024,Most deprived vs least deprived,1.31,0.57,2.98,"Age, gender, ethnic group"
adults,Bisexual,2024,Most deprived vs least deprived - men,0.54,0.12,2.37,"Age, ethnic group"
adults,Bisexual,2024,Most deprived vs least deprived - women,2.41,0.94,6.15,"Age, ethnic group"
adults,Bisexual,2024,Disabled adults vs non-disabled adults,1.73,0.9,3.35,"Age, gender"
adults,Gay or lesbian,2024,Men vs women,0.92,0.61,1.4,Age
adults,Gay or lesbian,2024,Māori vs non-Māori,1.27,0.79,2.03,"Age, gender"
adults,Gay or lesbian,2024,Māori men vs non-Māori men,1.68,0.86,3.28,Age
adults,Gay or lesbian,2024,Māori women vs non-Māori women,0.97,0.47,2.0,Age
adults,Gay or lesbian,2024,Pacific vs non-Pacific,0.95,0.27,3.34,"Age, gender"
adults,Gay or lesbian,2024,Asian vs non-Asian,0.42,0.24,0.77,"Age, gender"
adults,Gay or lesbian,2024,Asian men vs non-Asian men,0.57,0.26,1.27,Age
adults,Gay or lesbian,2024,Asian women vs non-Asian women,0.26,0.1,0.66,Age
adults,Gay or lesbian,2024,Most deprived vs least deprived,0.84,0.34,2.09,"Age, gender, ethnic group"
adults,Gay or lesbian,2024,Most deprived vs least deprived - men,0.6,0.17,2.15,"Age, ethnic group"
adults,Gay or lesbian,2024,Most deprived vs least deprived - women,1.17,0.37,3.64,"Age, ethnic group"
adults,Gay or lesbian,2024,Disabled adults vs non-disabled adults,0.61,0.2,1.83,"Age, gender"
adults,Heterosexual or straight,2024,Men vs women,1.02,1.01,1.03,Age
adults,Heterosexual or straight,2024,Māori vs non-Māori,0.99,0.98,1.01,"Age, gender"
adults,Heterosexual or straight,2024,Māori men vs non-Māori men,0.97,0.95,1.0,Age
adults,Heterosexual or straight,2024,Māori women vs non-Māori women,1.01,0.99,1.03,Age
adults,Heterosexual or straight,2024,Pacific vs non-Pacific,1.02,0.99,1.04,"Age, gender"
adults,Heterosexual or straight,2024,Pacific men vs non-Pacific men,1.03,1.01,1.05,Age
adults,Heterosexual or straight,2024,Pacific women vs non-Pacific women,1.0,0.96,1.05,Age
adults,Heterosexual or straight,2024,Asian vs non-Asian,1.03,1.01,1.04,"Age, gender"
adults,Heterosexual or straight,2024,Asian men vs non-Asian men,1.03,1.02,1.05,Age
adults,Heterosexual or straight,2024,Asian women vs non-Asian women,1.02,1.0,1.05,Age
adults,Heterosexual or straight,2024,Most deprived vs least deprived,1.0,0.97,1.03,"Age, gender, ethnic group"
adults,Heterosexual or straight,2024,Most deprived vs least deprived - men,1.02,0.99,1.06,"Age, ethnic group"
adults,Heterosexual or straight,2024,Most deprived vs least deprived - women,0.98,0.94,1.02,"Age, ethnic group"
adults,Heterosexual or straight,2024,Disabled adults vs non-disabled adults,0.97,0.94,1.0,"Age, gender"
adults,Other sexual identity,2024,Men vs women,0.51,0.21,1.24,Age
adults,Other sexual identity,2024,Māori vs non-Māori,2.21,1.03,4.76,"Age, gender"
adults,Other sexual identity,2024,Māori men vs non-Māori men,5.03,0.96,26.46,Age
adults,Other sexual identity,2024,Māori women vs non-Māori women,1.01,0.35,2.91,Age
adults,Other sexual identity,2024,Asian vs non-Asian,1.06,0.32,3.53,"Age, gender"
adults,Other sexual identity,2024,Asian women vs non-Asian women,1.45,0.3,6.91,Age
adults,Other sexual identity,2024,Most deprived vs least deprived,0.38,0.1,1.46,"Age, gender, ethnic group"
adults,Other sexual identity,2024,Most deprived vs least deprived - women,0.28,0.06,1.41,"Age, ethnic group"
adults,Other sexual identity,2024,Disabled adults vs non-disabled adults,3.83,1.52,9.61,"Age, gender"
adults,Unmet need for GP due to cost,2024,Men vs women,0.66,0.58,0.75,Age
adults,Unmet need for GP due to cost,2024,Māori vs non-Māori,1.18,1.0,1.38,"Age, gender"
adults,Unmet need for GP due to cost,2024,Māori men vs non-Māori men,1.3,1.0,1.68,Age
adults,Unmet need for GP due to cost,2024,Māori women vs non-Māori women,1.11,0.9,1.35,Age
adults,Unmet need for GP due to cost,2024,Pacific vs non-Pacific,1.52,1.22,1.89,"Age, gender"
adults,Unmet need for GP due to cost,2024,Pacific men vs non-Pacific men,2.0,1.33,3.02,Age
adults,Unmet need for GP due to cost,2024,Pacific women vs non-Pacific women,1.26,0.94,1.68,Age
adults,Unmet need for GP due to cost,2024,Asian vs non-Asian,0.69,0.56,0.86,"Age, gender"
adults,Unmet need for GP due to cost,2024,Asian men vs non-Asian men,0.66,0.47,0.93,Age
adults,Unmet need for GP due to cost,2024,Asian women vs non-Asian women,0.71,0.57,0.87,Age
adults,Unmet need for GP due to cost,2024,Most deprived vs least deprived,1.22,0.93,1.59,"Age, gender, ethnic group"
adults,Unmet need for GP due to cost,2024,Most deprived vs least deprived - men,1.04,0.67,1.62,"Age, ethnic group"
adults,Unmet need for GP due to cost,2024,Most deprived vs least deprived - women,1.3,0.95,1.78,"Age, ethnic group"
adults,Unmet need for GP due to cost,2024,Disabled adults vs non-disabled adults,2.06,1.74,2.44,"Age, gender"
adults,Unfilled prescription due to cost,2024,Men vs women,0.57,0.44,0.74,Age
adults,Unfilled prescription due to cost,2024,Māori vs non-Māori,1.6,1.14,2.26,"Age, gender"
adults,Unfilled prescription due to cost,2024,Māori men vs non-Māori men,1.66,0.84,3.28,Age
adults,Unfilled prescription due to cost,2024,Māori women vs non-Māori women,1.57,1.12,2.21,Age
adults,Unfilled prescription due to cost,2024,Pacific vs non-Pacific,2.15,1.37,3.39,"Age, gender"
adults,Unfilled prescription due to cost,2024,Pacific men vs non-Pacific men,1.5,0.6,3.77,Age
adults,Unfilled prescription due to cost,2024,Pacific women vs non-Pacific women,2.51,1.58,4.0,Age
adults,Unfilled prescription due to cost,2024,Asian vs non-Asian,1.31,0.73,2.37,"Age, gender"
adults,Unfilled prescription due to cost,2024,Asian men vs non-Asian men,1.22,0.61,2.48,Age
adults,Unfilled prescription due to cost,2024,Asian women vs non-Asian women,1.34,0.68,2.64,Age
adults,Unfilled prescription due to cost,2024,Most deprived vs least deprived,1.79,1.06,3.03,"Age, gender, ethnic group"
adults,Unfilled prescription due to cost,2024,Most deprived vs least deprived - men,1.99,0.79,5.0,"Age, ethnic group"
adults,Unfilled prescription due to cost,2024,Most deprived vs least deprived - women,1.66,0.89,3.08,"Age, ethnic group"
adults,Unfilled prescription due to cost,2024,Disabled adults vs non-disabled adults,2.82,1.9,4.19,"Age, gender"
adults,Unmet need for GP due to wait time,2024,Men vs women,0.68,0.62,0.75,Age
adults,Unmet need for GP due to wait time,2024,Māori vs non-Māori,1.01,0.89,1.13,"Age, gender"
adults,Unmet need for GP due to wait time,2024,Māori men vs non-Māori men,0.99,0.8,1.21,Age
adults,Unmet need for GP due to wait time,2024,Māori women vs non-Māori women,1.02,0.89,1.18,Age
adults,Unmet need for GP due to wait time,2024,Pacific vs non-Pacific,1.22,1.01,1.47,"Age, gender"
adults,Unmet need for GP due to wait time,2024,Pacific men vs non-Pacific men,1.27,0.91,1.77,Age
adults,Unmet need for GP due to wait time,2024,Pacific women vs non-Pacific women,1.18,0.99,1.41,Age
adults,Unmet need for GP due to wait time,2024,Asian vs non-Asian,0.91,0.8,1.05,"Age, gender"
adults,Unmet need for GP due to wait time,2024,Asian men vs non-Asian men,0.99,0.78,1.25,Age
adults,Unmet need for GP due to wait time,2024,Asian women vs non-Asian women,0.86,0.72,1.02,Age
adults,Unmet need for GP due to wait time,2024,Most deprived vs least deprived,1.22,0.97,1.53,"Age, gender, ethnic group"
adults,Unmet need for GP due to wait time,2024,Most deprived vs least deprived - men,1.72,1.19,2.47,"Age, ethnic group"
adults,Unmet need for GP due to wait time,2024,Most deprived vs least deprived - women,0.97,0.77,1.22,"Age, ethnic group"
adults,Unmet need for GP due to wait time,2024,Disabled adults vs non-disabled adults,1.49,1.33,1.68,"Age, gender"
adults,Unmet need for GP due to owing money,2024,Men vs women,0.47,0.31,0.71,Age
adults,Unmet need for GP due to owing money,2024,Māori vs non-Māori,2.24,1.42,3.51,"Age, gender"
adults,Unmet need for GP due to owing money,2024,Māori men vs non-Māori men,2.27,0.92,5.62,Age
adults,Unmet need for GP due to owing money,2024,Māori women vs non-Māori women,2.28,1.31,3.94,Age
adults,Unmet need for GP due to owing money,2024,Pacific vs non-Pacific,1.68,0.96,2.92,"Age, gender"
adults,Unmet need for GP due to owing money,2024,Pacific men vs non-Pacific men,1.71,0.45,6.55,Age
adults,Unmet need for GP due to owing money,2024,Pacific women vs non-Pacific women,1.67,0.89,3.15,Age
adults,Unmet need for GP due to owing money,2024,Asian vs non-Asian,0.9,0.39,2.05,"Age, gender"
adults,Unmet need for GP due to owing money,2024,Asian men vs non-Asian men,1.34,0.37,4.8,Age
adults,Unmet need for GP due to owing money,2024,Asian women vs non-Asian women,0.66,0.25,1.75,Age
adults,Unmet need for GP due to owing money,2024,Most deprived vs least deprived,1.89,0.58,6.18,"Age, gender, ethnic group"
adults,Unmet need for GP due to owing money,2024,Most deprived vs least deprived - men,1.74,0.27,11.19,"Age, ethnic group"
adults,Unmet need for GP due to owing money,2024,Most deprived vs least deprived - women,1.95,0.61,6.17,"Age, ethnic group"
adults,Unmet need for GP due to owing money,2024,Disabled adults vs non-disabled adults,5.42,3.75,7.84,"Age, gender"
adults,Unmet need for GP due to dislike,2024,Men vs women,0.65,0.47,0.9,Age
adults,Unmet need for GP due to dislike,2024,Māori vs non-Māori,1.22,0.79,1.9,"Age, gender"
adults,Unmet need for GP due to dislike,2024,Māori men vs non-Māori men,1.42,0.59,3.44,Age
adults,Unmet need for GP due to dislike,2024,Māori women vs non-Māori women,1.27,0.84,1.94,Age
adults,Unmet need for GP due to dislike,2024,Pacific vs non-Pacific,1.28,0.78,2.11,"Age, gender"
adults,Unmet need for GP due to dislike,2024,Pacific men vs non-Pacific men,1.77,0.83,3.77,Age
adults,Unmet need for GP due to dislike,2024,Pacific women vs non-Pacific women,0.97,0.43,2.22,Age
adults,Unmet need for GP due to dislike,2024,Asian vs non-Asian,0.48,0.28,0.84,"Age, gender"
adults,Unmet need for GP due to dislike,2024,Asian men vs non-Asian men,0.58,0.23,1.46,Age
adults,Unmet need for GP due to dislike,2024,Asian women vs non-Asian women,0.4,0.18,0.88,Age
adults,Unmet need for GP due to dislike,2024,Most deprived vs least deprived,0.97,0.51,1.85,"Age, gender, ethnic group"
adults,Unmet need for GP due to dislike,2024,Most deprived vs least deprived - men,0.68,0.18,2.57,"Age, ethnic group"
adults,Unmet need for GP due to dislike,2024,Most deprived vs least deprived - women,1.45,0.7,3.04,"Age, ethnic group"
adults,Unmet need for GP due to dislike,2024,Disabled adults vs non-disabled adults,2.67,1.74,4.09,"Age, gender"
adults,Unmet need for GP due to work,2024,Men vs women,0.9,0.76,1.07,Age
adults,Unmet need for GP due to work,2024,Māori vs non-Māori,1.32,1.06,1.65,"Age, gender"
adults,Unmet need for GP due to work,2024,Māori men vs non-Māori men,1.27,0.88,1.84,Age
adults,Unmet need for GP due to work,2024,Māori women vs non-Māori women,1.38,1.04,1.83,Age
adults,Unmet need for GP due to work,2024,Pacific vs non-Pacific,1.34,0.95,1.89,"Age, gender"
adults,Unmet need for GP due to work,2024,Pacific men vs non-Pacific men,1.44,0.86,2.41,Age
adults,Unmet need for GP due to work,2024,Pacific women vs non-Pacific women,1.27,0.83,1.93,Age
adults,Unmet need for GP due to work,2024,Asian vs non-Asian,0.79,0.61,1.04,"Age, gender"
adults,Unmet need for GP due to work,2024,Asian men vs non-Asian men,0.71,0.48,1.05,Age
adults,Unmet need for GP due to work,2024,Asian women vs non-Asian women,0.86,0.63,1.16,Age
adults,Unmet need for GP due to work,2024,Most deprived vs least deprived,0.95,0.67,1.35,"Age, gender, ethnic group"
adults,Unmet need for GP due to work,2024,Most deprived vs least deprived - men,0.83,0.5,1.4,"Age, ethnic group"
adults,Unmet need for GP due to work,2024,Most deprived vs least deprived - women,1.04,0.67,1.62,"Age, ethnic group"
adults,Unmet need for GP due to work,2024,Disabled adults vs non-disabled adults,1.78,1.36,2.31,"Age, gender"
adults,Unmet need for GP due to transport,2024,Men vs women,0.6,0.44,0.83,Age
adults,Unmet need for GP due to transport,2024,Māori vs non-Māori,1.4,0.98,2.01,"Age, gender"
adults,Unmet need for GP due to transport,2024,Māori men vs non-Māori men,1.2,0.64,2.26,Age
adults,Unmet need for GP due to transport,2024,Māori women vs non-Māori women,1.61,1.08,2.39,Age
adults,Unmet need for GP due to transport,2024,Pacific vs non-Pacific,1.55,0.96,2.5,"Age, gender"
adults,Unmet need for GP due to transport,2024,Pacific men vs non-Pacific men,1.17,0.46,2.99,Age
adults,Unmet need for GP due to transport,2024,Pacific women vs non-Pacific women,1.79,1.06,2.99,Age
adults,Unmet need for GP due to transport,2024,Asian vs non-Asian,0.81,0.5,1.3,"Age, gender"
adults,Unmet need for GP due to transport,2024,Asian men vs non-Asian men,1.13,0.5,2.57,Age
adults,Unmet need for GP due to transport,2024,Asian women vs non-Asian women,0.6,0.33,1.07,Age
adults,Unmet need for GP due to transport,2024,Most deprived vs least deprived,2.38,1.31,4.34,"Age, gender, ethnic group"
adults,Unmet need for GP due to transport,2024,Most deprived vs least deprived - men,2.61,0.93,7.31,"Age, ethnic group"
adults,Unmet need for GP due to transport,2024,Most deprived vs least deprived - women,2.19,1.01,4.76,"Age, ethnic group"
adults,Unmet need for GP due to transport,2024,Disabled adults vs non-disabled adults,6.22,4.4,8.79,"Age, gender"
adults,Unmet need for GP due to care for a dependent,2024,Men vs women,0.25,0.13,0.49,Age
adults,Unmet need for GP due to care for a dependent,2024,Māori vs non-Māori,2.1,1.42,3.1,"Age, gender"
adults,Unmet need for GP due to care for a dependent,2024,Māori men vs non-Māori men,2.11,0.66,6.81,Age
adults,Unmet need for GP due to care for a dependent,2024,Māori women vs non-Māori women,2.12,1.39,3.23,Age
adults,Unmet need for GP due to care for a dependent,2024,Pacific vs non-Pacific,1.61,0.9,2.9,"Age, gender"
adults,Unmet need for GP due to care for a dependent,2024,Pacific men vs non-Pacific men,1.56,0.35,7.03,Age
adults,Unmet need for GP due to care for a dependent,2024,Pacific women vs non-Pacific women,1.62,0.78,3.35,Age
adults,Unmet need for GP due to care for a dependent,2024,Asian vs non-Asian,0.56,0.32,0.98,"Age, gender"
adults,Unmet need for GP due to care for a dependent,2024,Asian men vs non-Asian men,0.85,0.19,3.88,Age
adults,Unmet need for GP due to care for a dependent,2024,Asian women vs non-Asian women,0.5,0.26,0.96,Age
adults,Unmet need for GP due to care for a dependent,2024,Most deprived vs least deprived,1.04,0.45,2.4,"Age, gender, ethnic group"
adults,Unmet need for GP due to care for a dependent,2024,Most deprived vs least deprived - women,1.0,0.41,2.46,"Age, ethnic group"
adults,Unmet need for GP due to care for a dependent,2024,Disabled adults vs non-disabled adults,2.86,1.59,5.13,"Age, gender"
adults,Unmet need for GP due to lack of supporter,2024,Men vs women,0.55,0.22,1.38,Age
adults,Unmet need for GP due to lack of supporter,2024,Māori vs non-Māori,1.42,0.59,3.42,"Age, gender"
adults,Unmet need for GP due to lack of supporter,2024,Māori women vs non-Māori women,1.44,0.59,3.49,Age
adults,Unmet need for GP due to lack of supporter,2024,Pacific vs non-Pacific,2.08,0.57,7.66,"Age, gender"
adults,Unmet need for GP due to lack of supporter,2024,Pacific women vs non-Pacific women,3.4,0.85,13.55,Age
adults,Unmet need for GP due to lack of supporter,2024,Asian vs non-Asian,1.36,0.51,3.63,"Age, gender"
adults,Unmet need for GP due to lack of supporter,2024,Asian men vs non-Asian men,2.49,0.36,17.42,Age
adults,Unmet need for GP due to lack of supporter,2024,Asian women vs non-Asian women,0.92,0.24,3.51,Age
adults,Unmet need for GP due to lack of supporter,2024,Most deprived vs least deprived,19.74,3.87,100.7,"Age, gender, ethnic group"
adults,Unmet need for GP due to lack of supporter,2024,Disabled adults vs non-disabled adults,6.58,3.06,14.13,"Age, gender"
adults,Consulted a nurse or GP about mental health,2024,Men vs women,0.53,0.47,0.61,Age
adults,Consulted a nurse or GP about mental health,2024,Māori vs non-Māori,1.06,0.88,1.27,"Age, gender"
adults,Consulted a nurse or GP about mental health,2024,Māori men vs non-Māori men,1.33,0.94,1.87,Age
adults,Consulted a nurse or GP about mental health,2024,Māori women vs non-Māori women,0.91,0.74,1.1,Age
adults,Consulted a nurse or GP about mental health,2024,Pacific vs non-Pacific,0.85,0.65,1.1,"Age, gender"
adults,Consulted a nurse or GP about mental health,2024,Pacific men vs non-Pacific men,0.7,0.41,1.19,Age
adults,Consulted a nurse or GP about mental health,2024,Pacific women vs non-Pacific women,0.92,0.69,1.24,Age
adults,Consulted a nurse or GP about mental health,2024,Asian vs non-Asian,0.54,0.41,0.72,"Age, gender"
adults,Consulted a nurse or GP about mental health,2024,Asian men vs non-Asian men,0.39,0.24,0.62,Age
adults,Consulted a nurse or GP about mental health,2024,Asian women vs non-Asian women,0.63,0.46,0.85,Age
adults,Consulted a nurse or GP about mental health,2024,Most deprived vs least deprived,1.03,0.78,1.35,"Age, gender, ethnic group"
adults,Consulted a nurse or GP about mental health,2024,Most deprived vs least deprived - men,1.03,0.66,1.62,"Age, ethnic group"
adults,Consulted a nurse or GP about mental health,2024,Most deprived vs least deprived - women,1.04,0.74,1.46,"Age, ethnic group"
adults,Consulted a nurse or GP about mental health,2024,Disabled adults vs non-disabled adults,2.27,1.93,2.68,"Age, gender"
adults,"Consulted a psychologist, counsellor or psychotherapist about mental health",2024,Men vs women,0.55,0.47,0.65,Age
adults,"Consulted a psychologist, counsellor or psychotherapist about mental health",2024,Māori vs non-Māori,1.08,0.88,1.32,"Age, gender"
adults,"Consulted a psychologist, counsellor or psychotherapist about mental health",2024,Māori men vs non-Māori men,1.43,0.98,2.09,Age
adults,"Consulted a psychologist, counsellor or psychotherapist about mental health",2024,Māori women vs non-Māori women,0.89,0.69,1.14,Age
adults,"Consulted a psychologist, counsellor or psychotherapist about mental health",2024,Pacific vs non-Pacific,0.56,0.42,0.75,"Age, gender"
adults,"Consulted a psychologist, counsellor or psychotherapist about mental health",2024,Pacific men vs non-Pacific men,0.48,0.22,1.07,Age
adults,"Consulted a psychologist, counsellor or psychotherapist about mental health",2024,Pacific women vs non-Pacific women,0.61,0.43,0.87,Age
adults,"Consulted a psychologist, counsellor or psychotherapist about mental health",2024,Asian vs non-Asian,0.4,0.31,0.52,"Age, gender"
adults,"Consulted a psychologist, counsellor or psychotherapist about mental health",2024,Asian men vs non-Asian men,0.25,0.14,0.44,Age
adults,"Consulted a psychologist, counsellor or psychotherapist about mental health",2024,Asian women vs non-Asian women,0.48,0.34,0.68,Age
adults,"Consulted a psychologist, counsellor or psychotherapist about mental health",2024,Most deprived vs least deprived,0.8,0.57,1.13,"Age, gender, ethnic group"
adults,"Consulted a psychologist, counsellor or psychotherapist about mental health",2024,Most deprived vs least deprived - men,0.65,0.38,1.1,"Age, ethnic group"
adults,"Consulted a psychologist, counsellor or psychotherapist about mental health",2024,Most deprived vs least deprived - women,0.9,0.55,1.45,"Age, ethnic group"
adults,"Consulted a psychologist, counsellor or psychotherapist about mental health",2024,Disabled adults vs non-disabled adults,2.48,1.99,3.08,"Age, gender"
adults,"Consulted family, whānau and/or friends about mental health",2024,Men vs women,0.67,0.6,0.75,Age
adults,"Consulted family, whānau and/or friends about mental health",2024,Māori vs non-Māori,1.2,1.06,1.37,"Age, gender"
adults,"Consulted family, whānau and/or friends about mental health",2024,Māori men vs non-Māori men,1.27,1.02,1.58,Age
adults,"Consulted family, whānau and/or friends about mental health",2024,Māori women vs non-Māori women,1.14,0.99,1.31,Age
adults,"Consulted family, whānau and/or friends about mental health",2024,Pacific vs non-Pacific,1.28,1.06,1.53,"Age, gender"
adults,"Consulted family, whānau and/or friends about mental health",2024,Pacific men vs non-Pacific men,1.1,0.79,1.53,Age
adults,"Consulted family, whānau and/or friends about mental health",2024,Pacific women vs non-Pacific women,1.39,1.14,1.69,Age
adults,"Consulted family, whānau and/or friends about mental health",2024,Asian vs non-Asian,0.81,0.67,0.98,"Age, gender"
adults,"Consulted family, whānau and/or friends about mental health",2024,Asian men vs non-Asian men,0.76,0.57,1.01,Age
adults,"Consulted family, whānau and/or friends about mental health",2024,Asian women vs non-Asian women,0.85,0.69,1.04,Age
adults,"Consulted family, whānau and/or friends about mental health",2024,Most deprived vs least deprived,0.92,0.73,1.17,"Age, gender, ethnic group"
adults,"Consulted family, whānau and/or friends about mental health",2024,Most deprived vs least deprived - men,0.77,0.54,1.09,"Age, ethnic group"
adults,"Consulted family, whānau and/or friends about mental health",2024,Most deprived vs least deprived - women,1.04,0.78,1.37,"Age, ethnic group"
adults,"Consulted family, whānau and/or friends about mental health",2024,Disabled adults vs non-disabled adults,1.42,1.24,1.64,"Age, gender"
adults,Chronic pain (old definition),2023,Men vs women,0.86,0.79,0.95,Age
adults,Chronic pain (old definition),2023,Māori vs non-Māori,1.23,1.1,1.37,"Age, gender"
adults,Chronic pain (old definition),2023,Māori men vs non-Māori men,1.25,1.01,1.55,Age
adults,Chronic pain (old definition),2023,Māori women vs non-Māori women,1.23,1.06,1.43,Age
adults,Chronic pain (old definition),2023,Pacific vs non-Pacific,1.06,0.87,1.3,"Age, gender"
adults,Chronic pain (old definition),2023,Pacific men vs non-Pacific men,1.11,0.8,1.56,Age
adults,Chronic pain (old definition),2023,Pacific women vs non-Pacific women,1.03,0.81,1.32,Age
adults,Chronic pain (old definition),2023,Asian vs non-Asian,0.5,0.41,0.62,"Age, gender"
adults,Chronic pain (old definition),2023,Asian men vs non-Asian men,0.45,0.32,0.64,Age
adults,Chronic pain (old definition),2023,Asian women vs non-Asian women,0.54,0.42,0.69,Age
adults,Chronic pain (old definition),2023,Most deprived vs least deprived,1.6,1.32,1.94,"Age, gender, ethnic group"
adults,Chronic pain (old definition),2023,Most deprived vs least deprived - men,1.38,1.04,1.83,"Age, ethnic group"
adults,Chronic pain (old definition),2023,Most deprived vs least deprived - women,1.86,1.43,2.4,"Age, ethnic group"
adults,Chronic pain (old definition),2023,Disabled adults vs non-disabled adults,2.56,2.28,2.89,"Age, gender"
